"0","378","1789","70","4","444.14","fulfilled","2023-10-07 02:02:35"
"1","54","586","0","3","129.05","fulfilled","1985-12-08 04:31:03"
"2","231","995","45","1","72.47","fulfilled","2019-10-10 11:53:04"
"3","353","1126","33","3","84.54","fulfilled","1970-01-02 14:25:38"
"4","199","394","75","1","321.74","pending",""
"5","42","1721","24","4","206.83","pending",""
"6","137","634","79","4","334.83","fulfilled","1988-12-22 08:26:46"
"7","296","41","52","4","453.27","fulfilled","2005-09-14 19:43:52"
"8","16","1822","45","3","476.87","pending",""
"9","288","1370","0","2","452.53","pending",""
"10","216","1125","85","2","205.27","pending",""
"11","249","896","56","3","41.77","pending",""
"12","377","630","76","4","54.87","pending",""
"13","71","413","87","4","222.79","fulfilled","1983-02-21 16:03:35"
"14","291","1898","96","2","348.06","pending",""
"15","302","647","52","2","384.9","pending",""
"16","290","1923","30","1","16.49","fulfilled","2014-06-10 20:07:14"
"17","109","467","80","3","454.54","pending",""
"18","23","1462","27","1","241.85","fulfilled","2017-12-30 13:12:00"
"19","359","1007","92","2","460.2","pending",""
"20","324","1315","70","3","353.63","pending",""
"21","121","680","89","1","370.27","fulfilled","1973-05-15 03:21:36"
"22","349","83","59","4","26.37","pending",""
"23","228","1000","47","2","270.63","pending",""
"24","202","1081","5","1","399.14","fulfilled","2005-06-19 08:08:55"
"25","135","1837","5","1","136.43","fulfilled","2004-12-06 02:57:51"
"26","187","64","29","3","307.52","fulfilled","1971-05-12 23:19:15"
"27","136","1776","11","1","207.86","fulfilled","1982-09-14 08:39:24"
"28","92","1024","7","4","105.23","fulfilled","2020-05-22 23:13:59"
"29","44","1357","8","4","55.72","pending",""
"30","369","1620","66","5","465.5","fulfilled","2014-12-09 18:30:26"
"31","157","647","64","2","481.07","pending",""
"32","104","1648","38","2","483.67","pending",""
"33","389","1521","25","4","112.64","pending",""
"34","275","1369","38","3","151.97","fulfilled","1998-08-05 16:41:30"
"35","325","1132","2","1","247.14","pending",""
"36","361","145","52","4","362.28","pending",""
"37","142","1673","65","5","37.42","fulfilled","1998-12-12 17:26:08"
"38","36","1310","10","5","229.34","pending",""
"39","340","1724","10","3","420.18","pending",""
"40","323","353","91","1","6.78","fulfilled","2007-06-08 17:27:53"
"41","255","1730","64","5","108.25","fulfilled","2003-01-31 08:08:15"
"42","12","1018","73","4","223.28","fulfilled","2021-01-18 22:04:16"
"43","35","760","95","1","438.41","pending",""
"44","11","626","27","5","362.46","pending",""
"45","72","593","4","3","15.94","pending",""
"46","4","872","13","3","96.55","fulfilled","2001-07-02 05:26:11"
"47","168","1379","7","5","162.84","fulfilled","1991-10-13 03:46:39"
"48","306","1056","92","5","107.19","fulfilled","1991-03-27 11:04:11"
"49","335","1284","39","3","364.07","pending",""
"50","386","665","18","3","461.95","pending",""
"51","57","641","26","5","416.32","pending",""
"52","145","80","46","2","169.06","fulfilled","1970-11-23 07:06:40"
"53","75","1136","86","1","210.63","pending",""
"54","248","84","73","5","202.49","pending",""
"55","250","444","70","5","42.08","pending",""
"56","229","156","88","1","332.92","fulfilled","2016-08-22 20:41:39"
"57","207","1233","99","5","203.21","fulfilled","1982-12-09 16:03:53"
"58","244","613","8","2","366.04","fulfilled","1984-11-10 06:42:23"
"59","176","450","69","4","53.92","fulfilled","1992-08-11 11:57:46"
"60","240","1917","44","5","49.07","fulfilled","1985-10-30 12:51:07"
"61","268","864","61","1","293.05","fulfilled","2016-10-10 19:56:42"
"62","316","8","21","4","102.78","fulfilled","1991-07-17 05:34:22"
"63","308","663","42","4","329.64","fulfilled","1986-09-22 01:53:52"
"64","260","1330","3","5","37.48","fulfilled","2019-10-05 23:48:00"
"65","393","370","77","3","111.71","fulfilled","2024-08-27 21:09:58"
"66","372","344","70","3","84.37","fulfilled","1982-03-15 19:29:30"
"67","189","1004","51","1","67.74","fulfilled","1991-08-18 20:20:34"
"68","150","1565","76","5","227.64","fulfilled","2007-02-04 12:51:56"
"69","234","1244","25","1","350.94","pending",""
"70","355","1590","25","3","24.73","fulfilled","2019-04-20 22:58:38"
"71","82","622","97","2","321.56","fulfilled","2018-08-27 04:08:45"
"72","278","450","68","1","429.5","fulfilled","1991-10-28 18:04:56"
"73","118","1318","62","5","226.44","fulfilled","2015-07-26 18:58:30"
"74","239","1922","77","3","292.96","fulfilled","2017-10-05 00:24:22"
"75","151","1629","97","2","262.59","fulfilled","2025-01-10 11:04:22"
"76","167","950","44","3","273.9","fulfilled","1973-07-10 16:54:04"
"77","153","645","71","2","119.77","pending",""
"78","107","1639","93","2","205.79","fulfilled","1971-08-29 18:42:26"
"79","187","919","76","5","452.89","pending",""
"80","76","614","69","1","163.33","fulfilled","1999-09-18 01:37:50"
"81","211","746","0","1","139.83","fulfilled","2006-05-20 15:45:30"
"82","18","1084","97","2","296.26","pending",""
"83","26","1417","39","5","185.1","fulfilled","1981-12-30 09:21:32"
"84","136","1340","12","4","126.21","pending",""
"85","175","1212","64","4","396.58","pending",""
"86","346","977","95","4","52.8","fulfilled","2014-01-01 09:47:38"
"87","279","1027","72","4","342.02","fulfilled","1999-08-29 04:08:18"
"88","114","811","44","2","393.13","fulfilled","1990-11-07 01:29:31"
"89","38","1313","70","5","22.85","fulfilled","2005-03-23 22:08:47"
"90","124","1460","89","2","355.15","fulfilled","1997-09-30 08:28:40"
"91","124","993","78","1","174.44","fulfilled","1995-05-05 09:51:04"
"92","239","1778","60","4","471.0","pending",""
"93","269","725","88","5","45.26","pending",""
"94","43","867","60","5","451.78","fulfilled","1996-10-21 20:29:55"
"95","393","1732","57","3","412.8","pending",""
"96","258","1449","56","1","263.67","pending",""
"97","172","305","45","2","407.53","fulfilled","1984-04-23 06:37:44"
"98","41","1821","48","1","95.44","pending",""
"99","288","232","20","2","182.96","pending",""
"100","397","1680","27","4","488.95","pending",""
"101","33","547","94","1","233.78","fulfilled","1995-09-14 00:12:50"
"102","93","1308","17","2","73.4","pending",""
"103","282","232","57","3","28.99","pending",""
"104","376","710","60","1","373.8","pending",""
"105","111","875","41","2","304.39","fulfilled","1975-09-13 02:53:45"
"106","51","891","79","5","423.11","fulfilled","1998-06-24 06:07:29"
"107","306","650","63","3","192.44","pending",""
"108","241","1662","89","3","360.63","pending",""
"109","234","1677","17","2","181.07","fulfilled","2023-08-20 07:14:04"
"110","260","1690","0","3","346.66","pending",""
"111","178","1700","18","5","73.78","fulfilled","2000-01-03 10:51:04"
"112","17","145","45","4","274.46","fulfilled","1978-03-05 12:34:13"
"113","268","880","31","1","441.82","pending",""
"114","203","1241","74","1","196.49","fulfilled","2018-08-29 06:18:12"
"115","295","628","92","5","52.38","fulfilled","1977-06-24 22:35:25"
"116","352","1791","57","4","441.3","pending",""
"117","19","820","71","3","97.21","pending",""
"118","369","444","62","3","327.65","fulfilled","1999-02-13 02:17:36"
"119","236","1580","46","1","67.73","pending",""
"120","262","20","69","3","156.46","pending",""
"121","5","970","78","5","266.79","fulfilled","1982-01-04 17:26:39"
"122","198","1719","24","5","284.64","fulfilled","1972-03-21 07:39:57"
"123","323","973","0","5","366.16","fulfilled","1981-01-03 22:41:07"
"124","379","575","59","4","250.66","fulfilled","1990-01-20 04:43:10"
"125","6","1630","86","4","372.85","pending",""
"126","155","1389","15","1","77.95","pending",""
"127","48","136","5","5","32.8","pending",""
"128","61","1776","37","5","232.22","pending",""
"129","152","1290","52","2","53.87","fulfilled","2021-10-16 16:44:40"
"130","81","1207","85","5","229.56","pending",""
"131","197","456","46","1","87.04","pending",""
"132","73","1769","26","4","420.45","fulfilled","1980-01-07 15:07:29"
"133","233","868","38","2","31.87","fulfilled","1971-05-31 19:27:56"
"134","136","604","79","4","314.59","pending",""
"135","150","96","37","3","137.63","pending",""
"136","65","1950","36","5","196.87","fulfilled","2025-07-24 08:41:05"
"137","93","10","94","4","280.85","pending",""
"138","101","1193","48","2","411.0","pending",""
"139","393","972","89","4","300.28","fulfilled","1987-05-25 22:34:34"
"140","326","1071","56","1","21.61","fulfilled","2010-06-07 08:39:03"
"141","256","1885","15","3","122.56","fulfilled","1983-10-29 05:09:29"
"142","100","1190","45","1","366.47","fulfilled","2009-09-12 13:34:39"
"143","136","805","29","1","297.78","fulfilled","1995-06-16 04:14:59"
"144","271","948","86","5","353.82","fulfilled","2004-11-24 20:25:41"
"145","388","1474","33","5","304.16","pending",""
"146","388","515","64","5","115.44","pending",""
"147","261","1409","12","3","150.22","fulfilled","1997-06-30 18:41:33"
"148","168","1808","66","5","428.92","pending",""
"149","318","285","43","5","172.33","fulfilled","2006-05-27 12:56:37"
"150","74","283","39","1","486.6","pending",""
"151","272","1445","79","3","110.17","fulfilled","2000-11-29 08:42:10"
"152","292","1634","49","3","105.45","fulfilled","2007-01-10 20:24:11"
"153","381","1839","53","5","6.21","pending",""
"154","339","1109","62","2","417.76","fulfilled","2009-12-10 06:08:09"
"155","267","1182","35","2","376.62","fulfilled","2015-10-15 02:10:45"
"156","312","841","1","2","362.57","pending",""
"157","218","1949","57","2","211.21","fulfilled","2008-01-30 07:49:16"
"158","364","1530","76","5","164.97","fulfilled","2001-08-05 23:07:35"
"159","369","560","43","3","59.11","pending",""
"160","196","915","22","4","268.96","pending",""
"161","134","938","30","3","486.85","fulfilled","2025-03-17 06:19:24"
"162","82","439","70","2","19.1","pending",""
"163","156","1009","67","2","175.0","fulfilled","1990-05-12 23:57:12"
"164","51","1118","37","1","387.67","pending",""
"165","317","818","54","2","82.76","fulfilled","2024-03-15 17:03:21"
"166","307","903","75","2","130.12","pending",""
"167","67","869","90","5","254.15","pending",""
"168","17","1787","7","4","344.87","pending",""
"169","293","814","35","2","433.85","fulfilled","1985-03-02 13:48:28"
"170","284","741","56","4","469.23","pending",""
"171","399","1153","50","3","314.51","pending",""
"172","94","53","97","5","382.13","pending",""
"173","298","739","79","2","461.47","fulfilled","1985-05-04 15:04:33"
"174","331","215","52","1","195.94","pending",""
"175","325","1360","50","3","166.76","fulfilled","2006-01-24 10:34:30"
"176","97","749","14","1","351.15","fulfilled","2014-04-19 20:46:11"
"177","39","893","39","4","400.98","fulfilled","1970-03-13 17:10:58"
"178","96","275","13","1","429.43","pending",""
"179","61","27","72","4","446.3","pending",""
"180","263","1421","30","1","384.61","pending",""
"181","390","484","84","5","363.71","fulfilled","1991-10-15 20:45:33"
"182","340","1155","33","3","187.05","fulfilled","1987-06-15 06:12:09"
"183","350","889","79","4","30.18","pending",""
"184","170","1343","49","5","114.12","fulfilled","1970-05-20 01:35:08"
"185","225","727","40","5","138.03","pending",""
"186","210","1042","19","2","356.33","fulfilled","1979-09-09 00:06:03"
"187","305","1595","89","5","489.2","pending",""
"188","154","1265","64","3","146.69","fulfilled","1972-06-22 00:57:25"
"189","82","1384","26","2","217.72","pending",""
"190","75","161","10","4","196.52","pending",""
"191","112","1323","84","4","363.69","pending",""
"192","112","402","35","2","414.26","fulfilled","2022-08-29 03:51:10"
"193","254","335","55","4","59.93","pending",""
"194","60","1530","49","4","337.41","fulfilled","2006-09-10 07:55:20"
"195","308","231","87","3","353.3","pending",""
"196","112","1189","76","5","46.23","fulfilled","1985-10-14 05:08:06"
"197","155","188","68","3","225.83","fulfilled","1986-10-20 04:59:28"
"198","20","434","13","2","71.68","pending",""
"199","121","863","10","2","58.53","fulfilled","2010-06-16 06:12:40"
"200","146","903","28","5","87.35","pending",""
"201","374","1916","57","4","428.55","fulfilled","2010-02-23 03:26:22"
"202","201","1896","99","4","249.81","pending",""
"203","127","1129","54","2","56.4","fulfilled","2013-09-15 19:51:23"
"204","32","1215","48","3","150.62","pending",""
"205","121","145","88","3","112.44","fulfilled","1986-06-19 11:11:21"
"206","13","1941","4","3","129.75","fulfilled","2019-03-16 02:27:56"
"207","223","674","81","3","211.29","pending",""
"208","185","1153","71","2","290.5","fulfilled","2015-01-02 05:12:32"
"209","191","1638","56","2","60.26","fulfilled","1993-11-02 10:54:57"
"210","39","1356","71","1","174.03","fulfilled","2015-06-28 19:24:46"
"211","283","718","4","4","395.71","fulfilled","1974-11-15 08:24:55"
"212","149","538","15","3","194.68","pending",""
"213","245","814","66","1","441.3","fulfilled","2024-06-28 09:39:05"
"214","172","1512","48","5","475.81","fulfilled","2017-04-25 21:19:43"
"215","199","1544","26","5","153.3","fulfilled","2021-09-10 11:25:23"
"216","109","1161","6","4","272.22","pending",""
"217","83","1760","70","2","464.03","fulfilled","1999-11-12 02:18:17"
"218","112","1316","0","4","305.42","fulfilled","1979-07-14 09:21:42"
"219","15","292","43","5","91.26","pending",""
"220","272","268","15","5","218.19","pending",""
"221","68","1562","33","5","120.91","fulfilled","2018-05-04 21:19:05"
"222","28","874","72","1","82.96","fulfilled","1989-07-16 19:38:54"
"223","275","42","68","4","343.31","pending",""
"224","175","1937","86","3","18.85","fulfilled","2001-05-24 08:54:44"
"225","202","1696","39","1","103.05","fulfilled","1971-07-14 15:27:56"
"226","39","1746","87","3","425.18","pending",""
"227","2","1351","90","3","104.46","pending",""
"228","324","439","39","4","480.67","pending",""
"229","223","762","25","2","413.93","fulfilled","1977-11-19 21:22:53"
"230","150","976","65","1","383.07","pending",""
"231","132","1592","76","4","229.05","fulfilled","1980-04-03 00:52:57"
"232","132","36","24","2","319.17","fulfilled","1976-10-29 20:52:38"
"233","240","44","2","1","245.02","pending",""
"234","136","995","54","3","421.53","fulfilled","1982-05-17 14:42:58"
"235","294","698","95","4","276.78","pending",""
"236","255","1529","81","1","485.36","pending",""
"237","213","1055","22","3","417.09","fulfilled","1985-04-10 05:17:33"
"238","114","1782","74","5","76.92","pending",""
"239","105","1078","60","4","217.6","fulfilled","2016-09-17 00:00:24"
"240","295","1933","79","5","224.28","pending",""
"241","195","692","63","2","127.16","pending",""
"242","251","1846","93","4","25.45","pending",""
"243","266","388","99","2","340.68","pending",""
"244","5","929","14","4","381.36","fulfilled","1992-09-15 01:06:15"
"245","26","1108","64","4","280.5","pending",""
"246","388","671","38","1","143.75","pending",""
"247","306","653","54","4","162.59","pending",""
"248","327","55","50","1","453.01","pending",""
"249","280","92","22","2","281.67","fulfilled","2025-07-31 13:11:29"
"250","388","1625","93","2","35.56","fulfilled","1978-04-18 22:44:17"
"251","200","954","98","3","74.22","fulfilled","1989-09-08 01:39:20"
"252","205","179","78","5","460.37","fulfilled","2006-05-27 11:36:37"
"253","352","28","84","3","258.53","fulfilled","1980-04-24 19:07:02"
"254","14","692","44","2","185.49","fulfilled","2002-06-07 13:50:54"
"255","359","1725","99","3","194.65","fulfilled","1982-07-10 19:45:10"
"256","260","1937","83","3","18.29","pending",""
"257","269","1782","43","5","183.01","fulfilled","2024-01-21 01:28:05"
"258","123","448","34","4","347.33","pending",""
"259","4","621","8","3","101.03","pending",""
"260","112","666","95","1","17.14","pending",""
"261","10","218","94","2","9.33","fulfilled","1983-02-15 16:27:34"
"262","196","985","47","1","92.85","pending",""
"263","199","1514","97","2","419.01","fulfilled","2013-07-27 03:44:24"
"264","198","1008","47","1","232.0","fulfilled","1971-04-06 21:12:13"
"265","164","71","60","2","188.24","pending",""
"266","136","1290","37","5","16.9","pending",""
"267","99","623","17","2","223.64","pending",""
"268","282","38","0","3","30.96","pending",""
"269","287","1274","84","3","260.47","fulfilled","2013-05-09 09:58:56"
"270","289","291","26","1","249.99","pending",""
"271","92","1753","67","1","494.77","pending",""
"272","110","392","78","5","498.27","pending",""
"273","41","741","83","3","323.9","fulfilled","1988-12-24 22:25:45"
"274","104","1679","12","4","339.57","fulfilled","1970-10-04 16:23:13"
"275","96","755","44","1","79.24","pending",""
"276","145","1955","93","4","441.14","pending",""
"277","385","1144","66","4","174.31","pending",""
"278","90","516","44","4","302.58","fulfilled","2000-08-28 00:49:30"
"279","98","106","55","5","129.59","pending",""
"280","134","507","71","5","182.02","pending",""
"281","333","566","1","3","496.15","pending",""
"282","386","1585","51","4","213.06","fulfilled","1988-07-08 07:02:20"
"283","294","1079","37","5","373.76","fulfilled","1983-05-17 14:06:10"
"284","299","351","63","2","97.44","fulfilled","1974-06-17 04:34:40"
"285","336","922","54","1","154.07","fulfilled","1975-07-10 02:00:39"
"286","177","11","42","4","157.7","pending",""
"287","8","1885","16","3","417.15","pending",""
"288","14","850","11","5","471.07","pending",""
"289","323","988","27","2","210.76","fulfilled","1990-02-12 17:35:34"
"290","141","760","26","1","204.08","pending",""
"291","386","407","60","3","104.5","pending",""
"292","235","1806","26","5","246.48","fulfilled","1987-05-09 20:10:24"
"293","199","403","31","4","251.29","pending",""
"294","134","1890","73","3","235.86","fulfilled","2006-05-18 07:13:34"
"295","268","482","77","1","291.58","pending",""
"296","22","1215","45","4","314.44","pending",""
"297","359","674","68","2","96.18","pending",""
"298","227","826","49","1","472.23","pending",""
"299","235","1519","59","1","262.7","pending",""
"300","316","1341","24","4","169.56","fulfilled","2000-10-05 13:35:36"
"301","76","73","38","1","305.98","pending",""
"302","100","1444","56","5","334.97","fulfilled","1994-09-03 04:24:15"
"303","188","1209","95","2","118.75","pending",""
"304","43","159","13","1","89.62","fulfilled","1987-05-28 12:09:38"
"305","226","1532","91","3","284.3","pending",""
"306","84","236","7","4","275.28","pending",""
"307","279","1362","30","3","69.8","pending",""
"308","207","884","58","4","233.84","pending",""
"309","57","1103","19","3","115.64","pending",""
"310","143","296","34","1","396.45","fulfilled","1992-11-26 02:49:26"
"311","157","1276","86","5","437.48","fulfilled","1981-11-19 17:04:06"
"312","232","1756","26","5","126.66","fulfilled","2010-09-22 09:03:48"
"313","263","803","26","3","9.07","fulfilled","1970-11-17 16:13:49"
"314","237","849","34","1","339.74","fulfilled","2019-10-21 00:36:49"
"315","38","11","10","2","297.85","pending",""
"316","148","958","88","4","180.88","fulfilled","1972-09-21 22:15:33"
"317","101","991","3","4","165.49","fulfilled","2008-12-05 22:07:49"
"318","247","237","79","1","189.62","fulfilled","2020-05-25 21:49:36"
"319","116","1691","22","5","237.15","pending",""
"320","88","668","4","1","461.6","pending",""
"321","4","1795","88","2","58.19","pending",""
"322","312","562","88","3","176.82","fulfilled","2004-01-13 13:22:57"
"323","277","1385","20","2","479.32","fulfilled","2005-04-28 17:52:46"
"324","115","1346","27","5","414.13","fulfilled","1986-09-24 10:48:49"
"325","301","1940","90","1","180.92","pending",""
"326","241","1404","1","5","187.98","pending",""
"327","157","1462","79","3","325.51","pending",""
"328","377","1421","93","1","28.27","fulfilled","1988-08-01 05:40:55"
"329","98","475","14","1","243.83","fulfilled","1986-06-20 15:46:54"
"330","176","86","2","2","65.53","fulfilled","2016-01-19 15:22:33"
"331","224","323","40","3","18.17","pending",""
"332","186","1851","93","4","48.53","pending",""
"333","262","509","45","2","498.23","fulfilled","1986-09-19 16:25:53"
"334","310","332","81","5","335.69","pending",""
"335","128","1105","39","2","83.83","pending",""
"336","366","1303","21","5","381.43","fulfilled","2023-07-12 07:44:28"
"337","159","810","44","1","216.63","pending",""
"338","373","327","56","5","156.91","fulfilled","1978-06-05 16:08:00"
"339","378","1448","35","5","66.89","fulfilled","2015-12-23 12:53:38"
"340","79","1991","95","2","409.53","pending",""
"341","226","5","18","4","419.5","fulfilled","2023-01-28 21:39:53"
"342","229","837","99","5","371.62","fulfilled","1984-09-11 06:43:50"
"343","333","947","1","5","21.04","fulfilled","2004-11-26 15:23:10"
"344","251","891","75","1","477.76","pending",""
"345","20","1009","72","2","272.46","pending",""
"346","190","18","18","4","55.89","fulfilled","2005-11-21 11:22:37"
"347","219","1196","79","1","204.12","fulfilled","1999-12-06 17:54:52"
"348","146","75","66","3","184.6","pending",""
"349","113","1066","33","5","317.39","fulfilled","2011-10-31 17:25:50"
"350","113","66","28","2","427.04","pending",""
"351","127","1965","84","1","333.69","pending",""
"352","223","1678","73","5","164.71","pending",""
"353","166","919","14","5","120.23","fulfilled","2010-07-24 14:28:25"
"354","255","519","6","1","401.18","pending",""
"355","41","287","62","1","150.19","pending",""
"356","308","742","75","1","497.24","fulfilled","2001-01-21 19:06:44"
"357","370","649","81","1","132.81","fulfilled","1970-02-18 16:42:34"
"358","264","1484","16","1","435.31","pending",""
"359","183","1358","69","1","220.99","pending",""
"360","319","1590","87","3","93.96","pending",""
"361","84","731","52","3","340.51","fulfilled","2003-11-15 06:26:51"
"362","210","1107","78","3","355.95","fulfilled","1996-04-30 02:21:04"
"363","385","1025","83","2","212.33","pending",""
"364","141","444","10","1","165.14","pending",""
"365","125","1902","62","5","56.72","pending",""
"366","58","1216","6","3","344.38","pending",""
"367","190","736","60","1","379.45","fulfilled","1984-12-01 06:34:06"
"368","234","1842","17","4","116.21","pending",""
"369","51","180","21","2","259.07","pending",""
"370","127","1036","68","3","81.92","pending",""
"371","385","241","2","1","240.48","fulfilled","2012-07-23 10:00:59"
"372","190","864","48","5","328.32","pending",""
"373","251","1578","16","1","240.4","pending",""
"374","30","1274","84","4","109.6","fulfilled","2004-02-06 04:04:12"
"375","138","1402","75","4","260.57","pending",""
"376","313","363","24","2","42.13","fulfilled","2024-05-20 21:22:35"
"377","69","1154","79","1","312.25","fulfilled","1981-11-19 21:43:14"
"378","345","733","63","1","203.83","pending",""
"379","273","1427","79","2","351.75","pending",""
"380","201","370","28","2","355.73","fulfilled","1986-06-08 08:57:14"
"381","306","1219","77","4","476.19","pending",""
"382","269","1691","64","1","285.52","fulfilled","1978-04-13 20:15:49"
"383","346","1448","87","2","366.12","pending",""
"384","191","146","55","4","257.88","pending",""
"385","170","181","32","2","205.27","pending",""
"386","306","566","80","4","321.27","pending",""
"387","288","1830","77","2","174.39","fulfilled","2023-07-04 14:30:22"
"388","312","1907","99","3","176.7","pending",""
"389","291","995","41","3","50.03","pending",""
"390","228","1811","32","2","153.99","fulfilled","1979-11-27 17:44:31"
"391","60","318","41","5","390.8","pending",""
"392","320","1224","13","5","146.09","fulfilled","1990-05-08 09:13:25"
"393","196","1736","6","1","431.71","pending",""
"394","47","1019","88","3","377.13","pending",""
"395","83","1299","8","1","124.07","pending",""
"396","318","1880","62","4","194.01","fulfilled","1982-09-22 03:47:40"
"397","195","446","66","5","91.68","fulfilled","2007-12-03 10:38:31"
"398","93","1557","35","5","408.29","fulfilled","2019-10-17 20:54:49"
"399","13","598","88","4","350.67","pending",""
"400","184","1613","44","3","161.75","pending",""
"401","216","1119","3","1","45.36","fulfilled","2018-03-03 19:20:57"
"402","185","1314","67","4","300.43","pending",""
"403","270","1530","32","3","86.26","fulfilled","2000-04-13 10:07:33"
"404","47","176","63","5","347.95","pending",""
"405","294","588","90","5","130.85","pending",""
"406","294","837","14","2","290.46","fulfilled","1971-09-19 18:33:28"
"407","199","378","43","4","150.89","fulfilled","2005-03-18 02:02:40"
"408","215","467","62","4","86.62","pending",""
"409","240","1890","4","3","425.69","pending",""
"410","320","353","87","1","204.13","pending",""
"411","222","53","68","5","454.11","fulfilled","1974-03-04 08:05:40"
"412","117","1523","95","5","403.5","fulfilled","2017-03-10 02:34:03"
"413","334","728","35","3","304.78","fulfilled","1983-06-05 10:50:30"
"414","279","1506","49","2","111.82","pending",""
"415","238","156","26","1","22.82","pending",""
"416","351","726","46","4","281.42","fulfilled","1989-09-26 16:10:01"
"417","238","486","99","4","423.83","fulfilled","1973-07-30 00:59:48"
"418","125","155","66","1","477.97","fulfilled","2020-10-29 23:25:21"
"419","8","114","58","1","389.06","fulfilled","1984-06-13 17:26:24"
"420","112","1655","43","1","486.42","fulfilled","1982-11-15 00:22:25"
"421","178","382","44","2","155.43","pending",""
"422","382","767","25","4","335.49","pending",""
"423","171","1821","61","2","237.47","fulfilled","1976-03-19 00:13:11"
"424","219","1184","22","4","42.93","pending",""
"425","368","330","73","1","427.04","pending",""
"426","386","607","59","2","307.8","pending",""
"427","321","404","87","5","36.31","fulfilled","2024-01-21 15:42:54"
"428","84","528","28","5","262.5","pending",""
"429","399","536","24","5","422.16","pending",""
"430","148","809","41","3","64.08","fulfilled","1983-07-10 11:42:33"
"431","86","190","91","3","205.07","fulfilled","2023-06-24 01:58:14"
"432","326","520","0","4","477.21","pending",""
"433","320","1776","93","2","384.83","pending",""
"434","143","731","38","2","455.66","pending",""
"435","315","831","80","1","260.99","fulfilled","1978-02-17 06:17:39"
"436","76","208","71","5","171.06","fulfilled","2008-08-30 17:44:14"
"437","347","1315","3","4","397.59","fulfilled","1989-12-27 14:35:54"
"438","144","94","55","1","7.28","fulfilled","2014-01-01 22:07:59"
"439","196","1580","17","4","264.19","fulfilled","1971-11-22 12:08:18"
"440","353","760","0","3","399.1","pending",""
"441","148","122","40","2","221.57","pending",""
"442","248","995","67","5","380.58","fulfilled","2009-02-01 14:34:47"
"443","170","359","59","5","101.49","fulfilled","2012-07-20 14:36:00"
"444","215","442","48","5","452.02","pending",""
"445","396","1185","70","1","24.6","fulfilled","1992-06-07 13:45:41"
"446","344","1901","57","3","406.22","fulfilled","1972-01-16 20:39:09"
"447","121","742","76","5","55.14","fulfilled","1985-04-22 16:39:39"
"448","35","1684","25","4","225.34","fulfilled","1987-09-24 18:57:42"
"449","30","1579","17","1","299.47","fulfilled","1982-11-04 05:01:27"
"450","185","1298","54","2","444.27","fulfilled","2018-11-27 14:19:12"
"451","328","283","67","5","283.93","fulfilled","2002-06-29 07:19:23"
"452","108","1331","51","5","104.82","pending",""
"453","81","606","15","2","125.22","fulfilled","1994-06-13 04:21:19"
"454","366","1071","34","3","251.49","pending",""
"455","111","1053","36","1","18.62","pending",""
"456","116","469","56","4","374.71","pending",""
"457","238","329","85","2","216.37","pending",""
"458","298","1400","36","5","399.66","pending",""
"459","182","203","67","2","154.16","pending",""
"460","5","1334","63","2","311.82","fulfilled","1989-02-19 21:02:40"
"461","102","1840","22","1","27.54","pending",""
"462","270","395","13","1","171.31","fulfilled","2005-05-19 07:36:21"
"463","12","1619","5","3","147.19","pending",""
"464","208","860","80","5","336.3","pending",""
"465","286","1739","50","1","71.19","pending",""
"466","278","1720","38","4","149.58","pending",""
"467","343","458","83","2","264.48","fulfilled","2006-11-02 01:54:40"
"468","181","1534","38","4","360.86","pending",""
"469","208","356","4","2","331.91","pending",""
"470","142","793","83","4","416.4","pending",""
"471","65","1111","22","1","241.78","fulfilled","2017-05-24 04:38:24"
"472","84","125","61","4","209.51","fulfilled","1971-12-18 05:06:45"
"473","361","698","27","3","175.88","fulfilled","1980-09-27 18:24:05"
"474","134","220","87","4","388.15","pending",""
"475","207","1712","10","5","199.84","pending",""
"476","129","1246","19","1","296.78","pending",""
"477","294","1063","38","1","150.22","fulfilled","2011-01-16 02:00:31"
"478","81","187","95","2","350.43","pending",""
"479","200","562","18","5","384.62","fulfilled","1990-03-06 07:49:50"
"480","64","1790","47","5","104.74","fulfilled","1970-07-30 19:07:25"
"481","117","1532","30","5","409.16","pending",""
"482","327","1949","8","4","136.96","fulfilled","1978-07-03 05:26:58"
"483","156","1197","90","3","200.47","pending",""
"484","210","588","19","4","168.0","fulfilled","1982-01-03 17:06:25"
"485","186","1061","12","1","407.27","pending",""
"486","198","311","0","3","315.5","fulfilled","2022-03-20 06:43:32"
"487","3","1692","93","1","148.53","fulfilled","1981-11-12 19:53:17"
"488","192","455","2","3","48.16","pending",""
"489","306","1938","40","4","18.31","pending",""
"490","83","1379","55","2","429.9","pending",""
"491","78","921","81","2","307.17","pending",""
"492","299","689","24","3","423.69","fulfilled","1979-10-02 12:33:01"
"493","259","1761","88","5","13.47","pending",""
"494","13","998","27","2","31.97","fulfilled","1982-05-21 17:29:15"
"495","7","959","26","2","76.04","pending",""
"496","149","1936","21","2","339.55","pending",""
"497","271","903","45","5","90.64","pending",""
"498","74","1304","60","1","147.39","fulfilled","2022-07-21 09:39:16"
"499","29","1020","5","1","309.71","fulfilled","2017-04-11 07:38:22"
"500","120","842","39","2","167.81","fulfilled","2002-01-17 21:12:23"
"501","1","1754","96","3","415.61","pending",""
"502","12","1029","26","3","255.6","pending",""
"503","13","1750","95","1","26.37","pending",""
"504","284","228","96","4","30.99","pending",""
"505","125","293","6","5","128.47","pending",""
"506","2","474","55","5","105.79","pending",""
"507","211","501","34","5","167.51","pending",""
"508","22","1245","16","1","141.32","pending",""
"509","135","1711","2","2","404.02","fulfilled","2009-02-02 01:09:18"
"510","74","81","56","4","364.69","pending",""
"511","254","857","79","1","396.83","fulfilled","1999-01-15 03:37:35"
"512","67","322","73","5","463.31","pending",""
"513","160","978","1","1","314.94","fulfilled","1981-05-25 00:30:43"
"514","3","1363","19","5","375.3","pending",""
"515","209","342","52","1","189.64","pending",""
"516","87","1191","61","2","388.9","fulfilled","1990-09-13 03:12:01"
"517","86","1360","74","1","454.68","pending",""
"518","332","1912","10","2","86.07","fulfilled","1979-09-10 17:56:56"
"519","208","466","56","3","227.61","fulfilled","2025-10-26 08:18:12"
"520","14","1176","60","3","59.49","fulfilled","1981-02-03 20:39:47"
"521","81","1568","70","1","213.63","fulfilled","2020-02-14 14:53:44"
"522","377","60","91","1","242.24","pending",""
"523","166","705","10","2","218.55","fulfilled","1979-04-25 02:58:27"
"524","354","1782","81","2","355.2","pending",""
"525","26","192","36","5","77.58","fulfilled","2014-02-18 11:23:35"
"526","258","1634","18","3","194.02","pending",""
"527","238","632","60","4","155.46","pending",""
"528","208","1441","93","3","242.23","fulfilled","1976-07-09 07:06:28"
"529","28","284","0","3","369.42","pending",""
"530","164","1408","74","3","444.51","fulfilled","1973-12-19 21:54:43"
"531","301","77","97","5","190.09","fulfilled","2003-11-29 02:00:42"
"532","50","794","75","1","23.66","pending",""
"533","330","1159","90","4","239.91","fulfilled","1996-05-13 22:44:26"
"534","116","771","93","3","266.79","fulfilled","2009-08-23 02:55:05"
"535","223","798","56","1","189.56","fulfilled","1981-03-16 00:40:55"
"536","212","400","74","4","327.23","pending",""
"537","181","682","16","4","214.56","fulfilled","1998-10-16 01:35:17"
"538","274","391","49","4","249.23","pending",""
"539","347","1571","91","1","55.34","fulfilled","2007-01-23 06:22:55"
"540","276","1495","50","5","389.38","fulfilled","1985-11-25 17:56:41"
"541","250","1923","15","1","117.17","pending",""
"542","396","622","93","2","341.89","pending",""
"543","227","815","67","1","480.57","pending",""
"544","360","555","38","1","131.61","pending",""
"545","240","1619","15","2","21.26","pending",""
"546","17","207","23","3","46.83","pending",""
"547","266","1884","48","3","401.87","fulfilled","2016-08-09 18:02:55"
"548","299","1411","86","1","242.51","fulfilled","1986-12-30 11:00:49"
"549","146","360","25","5","484.64","pending",""
"550","195","747","93","5","434.96","fulfilled","1981-01-01 18:24:44"
"551","392","1125","47","1","83.76","fulfilled","1984-06-11 00:54:37"
"552","61","1010","58","5","244.63","fulfilled","2005-04-01 22:32:39"
"553","328","1845","99","1","338.77","fulfilled","1996-01-29 12:42:40"
"554","98","1773","92","5","489.05","fulfilled","1998-08-10 06:46:00"
"555","88","1161","8","5","358.16","pending",""
"556","143","1431","81","5","142.15","fulfilled","1973-11-11 10:34:24"
"557","207","941","82","3","204.75","pending",""
"558","130","955","40","3","283.36","pending",""
"559","22","1958","54","3","363.92","pending",""
"560","249","1918","0","3","319.6","fulfilled","2007-03-12 14:11:19"
"561","321","1336","95","2","386.88","fulfilled","2025-08-22 06:13:51"
"562","18","406","70","5","15.76","pending",""
"563","128","272","67","2","298.94","pending",""
"564","88","596","93","3","227.22","pending",""
"565","344","1789","35","5","251.61","pending",""
"566","381","875","56","5","162.83","fulfilled","2018-04-06 17:29:09"
"567","57","300","0","5","410.22","pending",""
"568","396","49","60","3","111.93","fulfilled","1979-01-12 23:49:48"
"569","178","1331","99","3","377.46","fulfilled","2014-11-11 00:04:01"
"570","298","637","14","1","125.32","pending",""
"571","201","320","72","3","19.52","pending",""
"572","130","701","93","1","472.04","fulfilled","2020-10-16 14:46:25"
"573","8","1891","93","1","293.51","pending",""
"574","389","1696","4","1","326.02","pending",""
"575","75","1947","92","1","18.85","pending",""
"576","25","1720","21","4","165.4","pending",""
"577","184","275","89","5","24.19","fulfilled","2014-10-31 16:22:34"
"578","228","1042","11","5","138.15","fulfilled","2024-06-20 23:55:12"
"579","395","764","47","1","458.97","fulfilled","2025-01-06 20:41:09"
"580","355","1072","31","3","15.55","fulfilled","1971-09-25 16:22:26"
"581","234","1420","32","2","370.92","pending",""
"582","219","1370","49","2","373.26","pending",""
"583","348","1324","96","2","37.46","fulfilled","1981-02-22 04:06:38"
"584","265","439","50","4","238.25","fulfilled","2005-05-17 13:49:40"
"585","108","1380","62","1","178.68","pending",""
"586","124","479","84","2","384.39","pending",""
"587","379","1599","13","4","285.38","pending",""
"588","303","898","86","2","383.94","pending",""
"589","73","1827","87","1","333.19","fulfilled","2005-11-16 16:55:17"
"590","67","988","3","5","340.3","fulfilled","1989-02-11 01:43:30"
"591","365","1235","60","2","244.46","fulfilled","1983-03-27 12:23:45"
"592","190","844","47","4","128.61","fulfilled","2023-06-23 03:42:45"
"593","99","1976","11","1","352.41","fulfilled","2015-07-06 00:26:05"
"594","9","1964","1","3","444.14","fulfilled","1972-12-09 07:12:28"
"595","381","1059","61","1","20.96","fulfilled","2014-02-15 11:28:19"
"596","35","1631","13","1","182.35","pending",""
"597","107","891","83","3","315.36","fulfilled","2020-05-18 15:13:49"
"598","225","459","61","3","413.85","fulfilled","2006-04-18 13:48:48"
"599","69","1080","82","3","320.14","fulfilled","1995-09-26 15:23:18"
"600","62","684","32","5","338.52","pending",""
"601","211","1113","51","4","97.95","pending",""
"602","62","1424","62","1","396.42","pending",""
"603","336","574","38","5","51.44","fulfilled","1978-12-20 08:44:47"
"604","206","1109","14","1","9.01","pending",""
"605","112","1357","29","1","296.45","pending",""
"606","280","1123","42","4","301.95","fulfilled","1981-04-06 04:03:37"
"607","344","10","14","4","8.37","pending",""
"608","209","265","58","3","198.9","pending",""
"609","86","1708","43","2","144.48","pending",""
"610","286","1097","83","4","182.26","fulfilled","1975-06-06 02:30:51"
"611","103","1754","26","3","280.29","fulfilled","2000-09-29 21:38:38"
"612","350","1732","69","5","267.0","pending",""
"613","339","952","93","5","306.28","pending",""
"614","272","818","33","4","127.02","fulfilled","1989-10-15 03:33:29"
"615","85","893","9","1","486.66","pending",""
"616","223","671","21","2","240.78","fulfilled","2021-12-25 22:06:36"
"617","102","1219","65","2","106.2","pending",""
"618","70","1969","47","3","13.23","fulfilled","2012-10-08 14:31:00"
"619","158","1329","40","3","493.63","fulfilled","1981-09-21 11:32:33"
"620","360","1362","22","3","338.89","fulfilled","1983-08-06 03:32:11"
"621","76","90","5","4","401.08","pending",""
"622","216","710","32","3","322.13","fulfilled","2004-04-12 09:24:45"
"623","27","944","4","2","446.82","fulfilled","2010-09-14 20:05:13"
"624","238","172","68","3","318.37","fulfilled","1978-10-15 09:18:24"
"625","109","1487","19","5","76.16","fulfilled","1989-03-18 23:08:31"
"626","254","1940","28","3","103.13","fulfilled","1995-03-06 18:59:57"
"627","153","1516","47","3","39.44","fulfilled","2013-06-21 22:35:20"
"628","140","906","39","3","395.85","pending",""
"629","3","872","3","5","388.16","pending",""
"630","49","608","7","1","100.06","fulfilled","1989-03-11 16:19:50"
"631","303","935","1","4","105.72","fulfilled","1993-08-01 03:44:23"
"632","338","1934","79","2","357.37","pending",""
"633","120","959","59","4","208.62","fulfilled","2023-10-30 08:44:53"
"634","299","333","80","3","374.25","fulfilled","1986-03-25 20:59:11"
"635","187","1188","40","5","460.64","fulfilled","1979-11-29 05:43:59"
"636","60","643","20","4","178.48","pending",""
"637","3","1931","46","4","446.96","fulfilled","1996-07-09 04:29:05"
"638","41","1618","43","4","94.07","fulfilled","2011-12-03 04:49:42"
"639","391","950","57","3","265.5","pending",""
"640","119","312","37","3","214.12","fulfilled","2024-12-18 06:02:56"
"641","317","578","7","4","457.48","fulfilled","1991-06-25 13:29:48"
"642","55","1854","9","1","462.9","pending",""
"643","290","1248","57","2","297.22","fulfilled","1975-03-19 04:24:04"
"644","382","461","52","5","122.77","fulfilled","2005-05-25 19:50:16"
"645","337","1065","87","5","158.88","fulfilled","1970-01-06 09:07:12"
"646","379","263","15","3","350.77","fulfilled","1993-09-19 16:54:38"
"647","250","1140","91","2","234.35","fulfilled","2011-11-22 06:00:20"
"648","274","418","63","2","90.44","pending",""
"649","270","158","39","1","457.71","pending",""
"650","162","475","75","5","390.72","pending",""
"651","397","553","2","5","346.29","fulfilled","1991-03-07 19:31:20"
"652","91","1326","4","1","463.78","pending",""
"653","154","1194","66","4","423.97","fulfilled","1991-12-03 17:33:45"
"654","388","1785","54","3","114.02","pending",""
"655","232","408","87","2","451.28","pending",""
"656","361","1529","73","2","84.85","fulfilled","2003-04-10 18:43:22"
"657","87","529","33","5","192.84","pending",""
"658","324","224","91","5","204.55","pending",""
"659","101","1837","33","3","469.78","pending",""
"660","65","1156","54","2","98.07","pending",""
"661","270","1885","43","4","111.8","fulfilled","2010-02-01 12:45:48"
"662","189","1069","77","1","31.44","fulfilled","1973-08-20 06:32:33"
"663","344","628","22","4","67.87","pending",""
"664","96","1664","69","4","287.32","pending",""
"665","117","720","87","1","366.34","pending",""
"666","116","1276","26","2","51.63","fulfilled","1988-08-10 04:33:00"
"667","326","911","29","4","221.32","pending",""
"668","71","311","58","1","419.47","pending",""
"669","110","519","24","3","6.96","pending",""
"670","326","1559","88","1","265.33","fulfilled","1999-08-11 22:52:17"
"671","394","1783","55","5","237.69","fulfilled","2002-08-24 16:24:30"
"672","57","1148","64","3","209.03","fulfilled","1988-06-28 18:52:03"
"673","14","1536","83","3","279.54","pending",""
"674","276","1726","13","1","151.98","pending",""
"675","123","1689","33","3","174.82","fulfilled","1989-06-15 05:52:20"
"676","56","1003","21","1","116.0","fulfilled","1975-08-19 03:56:28"
"677","257","1536","87","3","208.17","fulfilled","1984-02-05 03:28:31"
"678","399","1343","96","2","302.2","fulfilled","2013-09-13 22:34:15"
"679","264","1744","61","4","335.61","fulfilled","1988-06-24 09:46:35"
"680","246","1647","39","3","96.8","fulfilled","2012-01-26 06:35:12"
"681","116","309","19","3","339.74","fulfilled","2014-08-25 22:28:35"
"682","21","1107","64","1","499.32","pending",""
"683","106","1813","78","5","216.98","pending",""
"684","338","1360","38","2","367.53","pending",""
"685","26","192","87","3","127.06","pending",""
"686","167","229","20","1","291.43","pending",""
"687","63","1930","30","5","32.69","pending",""
"688","174","1607","57","3","266.91","fulfilled","1978-10-05 09:25:40"
"689","181","1145","48","1","381.49","pending",""
"690","370","637","30","1","473.16","pending",""
"691","313","717","30","4","31.36","pending",""
"692","338","1312","31","1","348.66","fulfilled","2001-08-16 14:58:33"
"693","381","1959","41","1","443.28","pending",""
"694","168","1751","63","3","82.81","fulfilled","1985-05-05 09:23:15"
"695","156","1850","22","1","47.42","fulfilled","1993-05-01 19:49:06"
"696","84","1897","64","4","39.84","fulfilled","1986-12-21 19:06:57"
"697","273","320","50","3","415.26","pending",""
"698","15","1377","49","1","50.47","fulfilled","2004-04-17 06:03:17"
"699","68","1923","32","1","242.04","pending",""
"700","33","1048","80","2","361.34","pending",""
"701","385","1067","16","2","223.28","pending",""
"702","301","245","78","5","122.74","pending",""
"703","272","182","67","5","157.29","pending",""
"704","0","469","76","1","313.99","pending",""
"705","331","459","29","2","376.74","pending",""
"706","14","394","29","2","448.51","pending",""
"707","222","40","36","2","292.12","pending",""
"708","244","584","34","2","489.42","pending",""
"709","44","1000","59","3","218.83","pending",""
"710","334","1461","90","3","263.75","fulfilled","2016-02-18 23:25:01"
"711","130","1610","73","5","419.52","fulfilled","1971-02-09 20:54:42"
"712","44","1302","35","5","267.47","pending",""
"713","53","1153","71","3","281.37","pending",""
"714","160","56","73","1","480.16","pending",""
"715","119","1880","34","3","274.28","fulfilled","1992-02-06 06:19:10"
"716","357","349","66","1","374.88","fulfilled","2014-06-27 10:28:16"
"717","4","892","42","1","458.25","pending",""
"718","243","691","47","5","236.96","pending",""
"719","279","1898","97","4","435.77","pending",""
"720","393","1797","16","5","311.6","fulfilled","1997-01-14 09:33:16"
"721","55","1461","67","2","61.14","pending",""
"722","138","597","42","4","385.11","pending",""
"723","261","1775","49","3","9.86","fulfilled","1980-02-27 11:15:19"
"724","93","419","74","3","307.92","fulfilled","2006-10-23 05:42:03"
"725","280","1196","66","5","425.93","pending",""
"726","42","1282","70","1","136.57","fulfilled","2002-03-22 07:16:06"
"727","353","1984","51","2","391.65","pending",""
"728","288","152","91","5","259.46","fulfilled","1973-10-07 09:13:41"
"729","277","1235","57","3","451.41","pending",""
"730","219","1013","36","3","329.84","fulfilled","2015-10-17 21:36:19"
"731","147","307","54","5","305.81","pending",""
"732","32","592","78","4","38.94","fulfilled","1997-02-22 14:19:01"
"733","307","287","32","3","204.1","fulfilled","2025-01-10 22:26:49"
"734","254","798","44","5","155.8","fulfilled","1977-04-09 18:13:06"
"735","159","70","92","3","457.96","fulfilled","1974-01-24 12:38:48"
"736","364","598","4","2","297.95","fulfilled","1993-06-26 00:52:19"
"737","371","790","61","1","49.06","pending",""
"738","311","1654","42","5","126.73","pending",""
"739","66","649","88","5","98.98","fulfilled","2013-06-13 00:50:48"
"740","359","1517","49","4","356.61","pending",""
"741","359","607","67","4","431.44","fulfilled","2006-05-18 06:09:00"
"742","314","1560","83","2","498.36","fulfilled","1995-10-11 14:59:58"
"743","152","790","21","1","296.33","fulfilled","1990-05-20 12:58:24"
"744","184","873","57","3","355.25","pending",""
"745","98","1977","68","3","325.56","fulfilled","2004-08-05 06:53:31"
"746","325","1960","64","4","227.88","fulfilled","1973-10-18 17:25:21"
"747","149","484","82","1","200.02","pending",""
"748","13","510","2","1","382.56","fulfilled","1977-08-05 07:45:28"
"749","229","1835","6","4","304.64","pending",""
"750","151","1523","13","1","65.49","pending",""
"751","391","614","29","2","179.93","fulfilled","1997-06-02 08:56:47"
"752","65","994","66","1","496.12","pending",""
"753","390","1799","86","4","277.11","pending",""
"754","88","89","25","4","315.83","fulfilled","1993-02-17 05:57:14"
"755","47","933","98","2","393.03","pending",""
"756","161","106","36","1","419.96","pending",""
"757","238","53","26","4","214.59","pending",""
"758","94","855","96","1","213.92","pending",""
"759","44","1988","38","5","310.74","pending",""
"760","308","325","44","4","338.39","fulfilled","1973-01-17 09:25:57"
"761","345","179","51","3","432.53","pending",""
"762","106","270","54","3","381.79","fulfilled","2003-03-22 02:01:13"
"763","38","384","67","1","268.92","pending",""
"764","44","1232","19","2","120.58","pending",""
"765","176","870","15","2","139.86","pending",""
"766","335","1355","90","1","475.21","pending",""
"767","347","1191","33","2","29.44","pending",""
"768","397","166","69","2","406.99","pending",""
"769","291","62","43","5","488.27","pending",""
"770","388","855","38","1","247.74","pending",""
"771","329","904","84","4","298.34","fulfilled","2002-07-10 11:11:39"
"772","169","787","91","5","412.88","fulfilled","2020-05-16 11:46:24"
"773","365","1939","44","4","458.35","pending",""
"774","175","833","77","5","488.53","fulfilled","1976-04-23 03:03:32"
"775","79","1392","12","5","30.48","pending",""
"776","63","1406","91","3","73.1","pending",""
"777","60","244","31","3","101.34","pending",""
"778","279","355","77","5","440.22","fulfilled","1988-08-01 07:13:54"
"779","130","963","35","2","235.79","pending",""
"780","123","1149","94","5","255.3","pending",""
"781","327","1127","1","1","292.01","pending",""
"782","53","1595","57","4","173.9","pending",""
"783","253","717","85","2","467.32","pending",""
"784","177","1443","71","5","152.29","pending",""
"785","91","1477","27","3","418.48","pending",""
"786","355","1510","84","2","329.81","fulfilled","1996-06-01 22:11:45"
"787","298","1383","15","4","108.54","pending",""
"788","103","1564","15","4","313.65","fulfilled","1984-07-10 03:31:05"
"789","22","1073","38","4","37.62","fulfilled","2022-07-17 08:36:06"
"790","347","1824","65","5","432.52","fulfilled","1999-03-09 01:07:35"
"791","274","1957","48","2","218.16","pending",""
"792","317","1754","71","1","40.37","fulfilled","2010-11-08 10:40:27"
"793","378","1153","42","3","402.54","pending",""
"794","387","974","86","1","414.47","fulfilled","1990-07-19 09:46:48"
"795","174","1171","44","4","81.86","pending",""
"796","149","748","68","3","242.57","fulfilled","2013-08-02 16:04:59"
"797","36","1642","0","5","66.08","pending",""
"798","183","588","75","5","159.98","fulfilled","2002-01-11 12:30:29"
"799","294","1439","12","5","208.27","pending",""
"800","290","1435","79","4","126.84","pending",""
"801","318","1511","43","5","290.68","fulfilled","1983-05-26 19:12:26"
"802","101","1084","75","1","217.22","fulfilled","2014-02-24 12:00:15"
"803","338","251","38","1","223.12","fulfilled","1977-01-08 05:34:14"
"804","135","201","35","2","171.2","pending",""
"805","61","364","33","2","322.15","pending",""
"806","109","1888","23","1","42.09","fulfilled","2021-10-16 05:17:03"
"807","76","1534","39","4","168.53","pending",""
"808","230","397","0","1","464.64","pending",""
"809","154","1633","6","1","402.46","fulfilled","1983-07-14 10:17:35"
"810","357","1347","3","2","354.09","fulfilled","1994-04-10 21:23:07"
"811","222","1448","33","2","201.09","fulfilled","1996-04-27 20:06:20"
"812","0","1367","17","4","190.37","fulfilled","1979-07-29 19:37:07"
"813","160","1065","24","5","482.75","fulfilled","1981-10-15 18:20:01"
"814","86","1615","27","1","434.21","fulfilled","1999-10-05 02:20:45"
"815","288","1015","56","2","8.77","fulfilled","2001-08-16 11:22:25"
"816","321","1138","53","1","158.27","fulfilled","2012-07-05 21:16:05"
"817","229","616","4","3","362.57","pending",""
"818","45","1315","18","3","70.6","fulfilled","1971-07-03 16:48:36"
"819","140","471","26","1","260.49","pending",""
"820","207","1116","15","5","285.61","pending",""
"821","156","765","75","5","55.78","fulfilled","1988-02-07 04:47:56"
"822","264","581","48","4","398.9","fulfilled","1974-04-12 19:35:37"
"823","74","1656","6","1","245.74","pending",""
"824","201","1563","27","5","426.73","pending",""
"825","356","1673","18","1","33.75","pending",""
"826","196","950","42","2","350.58","pending",""
"827","313","1834","92","2","460.13","pending",""
"828","22","1882","40","5","111.19","fulfilled","2001-06-01 21:30:47"
"829","357","110","59","3","82.04","pending",""
"830","336","66","13","3","271.06","fulfilled","1973-05-19 08:37:52"
"831","175","632","58","2","67.76","fulfilled","2011-09-15 17:23:22"
"832","4","759","5","3","67.55","pending",""
"833","208","599","71","1","123.23","pending",""
"834","162","887","8","5","137.22","fulfilled","2012-11-07 08:34:09"
"835","6","910","42","5","107.66","fulfilled","2011-03-11 02:49:17"
"836","336","842","94","2","469.02","fulfilled","2019-07-05 04:28:02"
"837","47","597","44","2","106.2","fulfilled","2019-07-12 11:55:32"
"838","145","1608","26","4","156.85","fulfilled","2003-02-03 21:10:11"
"839","209","1426","87","2","105.82","pending",""
"840","333","1447","55","3","420.39","fulfilled","1984-09-16 08:22:26"
"841","124","895","31","1","219.07","pending",""
"842","207","1866","84","5","328.81","fulfilled","2024-05-31 07:27:00"
"843","339","1363","96","3","97.01","pending",""
"844","360","1843","5","2","326.23","fulfilled","2007-08-21 13:28:06"
"845","86","1458","20","4","258.93","fulfilled","1994-07-16 05:39:25"
"846","144","1915","0","5","165.44","fulfilled","1992-12-08 14:36:03"
"847","273","866","88","5","486.39","fulfilled","1988-08-15 14:26:03"
"848","375","540","60","3","156.52","pending",""
"849","114","577","97","1","276.63","pending",""
"850","331","1195","30","3","241.56","pending",""
"851","327","535","66","2","14.02","fulfilled","1987-12-01 14:04:45"
"852","163","909","38","3","119.17","pending",""
"853","237","1892","53","3","9.06","pending",""
"854","62","1272","1","3","241.17","pending",""
"855","345","1535","38","1","356.24","pending",""
"856","126","1367","16","2","69.81","pending",""
"857","304","886","70","2","172.52","fulfilled","2010-12-04 05:57:42"
"858","50","595","79","4","481.55","fulfilled","1998-03-22 20:13:14"
"859","365","1129","14","1","114.76","pending",""
"860","53","1396","85","3","261.72","fulfilled","1978-01-26 09:43:03"
"861","306","787","19","4","425.37","pending",""
"862","101","708","16","3","232.25","fulfilled","1997-07-27 23:27:56"
"863","268","1382","87","3","316.78","fulfilled","1971-03-26 20:20:09"
"864","311","1261","12","2","356.84","fulfilled","1988-03-16 09:09:24"
"865","254","1268","70","2","132.97","fulfilled","2001-02-13 22:16:46"
"866","339","1805","84","1","365.32","fulfilled","2021-08-26 01:08:10"
"867","151","415","10","2","371.25","fulfilled","2008-04-19 05:47:16"
"868","167","1141","38","1","331.2","pending",""
"869","80","1895","52","4","375.51","pending",""
"870","88","1548","99","2","391.37","fulfilled","1993-03-19 16:50:53"
"871","338","348","8","1","289.11","pending",""
"872","11","1873","15","3","329.9","fulfilled","2000-08-16 11:19:39"
"873","112","1225","63","5","390.5","pending",""
"874","68","323","74","4","180.05","pending",""
"875","108","932","89","2","31.67","fulfilled","2013-01-30 18:13:19"
"876","349","3","41","5","147.04","pending",""
"877","65","1828","53","3","392.8","pending",""
"878","163","1177","77","1","286.9","fulfilled","1989-07-09 21:58:04"
"879","211","1876","69","1","73.79","fulfilled","2006-12-27 02:06:20"
"880","356","757","63","4","98.42","fulfilled","1980-04-05 01:24:42"
"881","271","1769","52","1","315.93","fulfilled","2024-04-07 00:28:09"
"882","102","400","30","5","396.86","pending",""
"883","4","1206","27","4","498.41","pending",""
"884","242","105","16","2","172.08","fulfilled","1982-05-08 11:24:50"
"885","258","751","57","4","92.2","pending",""
"886","187","386","69","1","40.13","fulfilled","2013-03-14 17:07:28"
"887","24","1901","63","1","150.37","pending",""
"888","302","1466","86","1","202.29","fulfilled","2000-08-03 03:26:08"
"889","321","1265","55","2","120.77","fulfilled","2023-08-02 00:26:51"
"890","229","462","55","4","463.29","fulfilled","2015-11-17 11:13:04"
"891","175","1871","34","2","66.22","fulfilled","2000-02-17 05:27:37"
"892","373","1984","79","2","317.22","fulfilled","1985-11-05 14:59:28"
"893","282","1990","31","2","48.12","fulfilled","2006-11-21 13:02:37"
"894","340","1344","69","2","482.72","fulfilled","2007-07-18 23:37:37"
"895","29","1278","38","2","427.56","fulfilled","2024-12-18 10:06:20"
"896","397","646","41","4","196.49","pending",""
"897","95","293","47","2","303.91","pending",""
"898","216","1955","6","5","366.29","pending",""
"899","153","705","72","1","249.8","fulfilled","1986-08-28 17:18:32"
"900","20","734","78","2","423.91","pending",""
"901","336","1786","4","1","142.5","fulfilled","2000-10-10 10:32:01"
"902","69","403","37","5","121.77","fulfilled","2009-03-27 17:28:07"
"903","220","275","62","5","420.85","fulfilled","2017-03-14 09:24:02"
"904","255","1345","54","4","470.94","fulfilled","1982-11-24 09:10:26"
"905","396","39","0","1","349.76","pending",""
"906","219","5","6","1","5.85","pending",""
"907","328","1907","80","2","27.37","pending",""
"908","116","24","27","5","123.37","fulfilled","2001-02-19 03:56:29"
"909","211","60","48","3","325.34","fulfilled","2008-09-09 10:57:30"
"910","232","1005","36","3","476.8","pending",""
"911","284","1230","17","1","60.05","pending",""
"912","179","999","95","2","184.8","pending",""
"913","342","1029","32","3","318.48","fulfilled","2001-10-19 23:47:51"
"914","395","1496","19","4","209.96","fulfilled","2019-04-08 00:06:35"
"915","155","1519","76","4","169.21","fulfilled","2014-10-21 07:43:01"
"916","291","1069","79","5","175.51","fulfilled","1992-02-09 00:33:06"
"917","390","287","36","5","248.23","pending",""
"918","197","1928","73","5","373.72","fulfilled","1985-08-10 12:20:45"
"919","261","1787","57","1","277.01","fulfilled","1973-03-04 08:09:52"
"920","397","1169","81","1","357.86","pending",""
"921","383","1742","24","5","271.52","pending",""
"922","63","1593","84","1","129.69","fulfilled","1998-11-14 07:17:04"
"923","222","794","45","1","205.97","fulfilled","1991-01-31 00:17:46"
"924","355","1625","29","5","256.31","fulfilled","1977-02-12 16:32:33"
"925","67","735","83","4","183.17","pending",""
"926","113","565","47","1","405.41","fulfilled","1972-04-09 19:09:05"
"927","59","989","5","3","274.29","pending",""
"928","70","488","14","4","265.8","fulfilled","2023-02-19 09:40:48"
"929","47","833","40","5","319.25","pending",""
"930","9","1071","65","2","452.91","pending",""
"931","7","471","77","4","264.86","fulfilled","2024-03-21 05:46:44"
"932","30","407","89","1","260.98","pending",""
"933","303","812","33","2","17.14","fulfilled","1987-01-31 05:56:20"
"934","4","384","36","2","402.62","fulfilled","1976-05-29 11:03:07"
"935","305","349","72","4","351.23","fulfilled","2004-04-29 13:01:16"
"936","285","1627","51","3","281.44","pending",""
"937","357","1577","36","5","358.01","pending",""
"938","315","1707","6","5","25.56","pending",""
"939","23","1958","5","3","75.63","fulfilled","2020-05-20 07:09:19"
"940","121","211","20","4","65.77","pending",""
"941","357","411","92","5","187.31","fulfilled","1998-12-13 13:51:02"
"942","203","940","61","1","37.82","pending",""
"943","280","712","15","1","306.41","pending",""
"944","369","1302","73","4","115.84","fulfilled","2016-02-02 08:20:49"
"945","333","1659","31","2","382.19","fulfilled","1976-03-31 13:59:33"
"946","222","462","42","3","397.44","fulfilled","2004-08-13 20:52:42"
"947","349","1644","28","1","388.62","pending",""
"948","50","486","46","1","451.56","pending",""
"949","222","1524","77","2","85.34","pending",""
"950","117","1145","94","2","109.82","pending",""
"951","200","271","59","3","15.78","pending",""
"952","227","1628","48","2","309.4","fulfilled","2000-05-18 08:42:02"
"953","325","666","69","2","162.49","pending",""
"954","21","1478","62","1","426.17","pending",""
"955","122","1007","36","1","287.8","fulfilled","1992-06-08 08:57:34"
"956","229","1161","32","3","280.24","pending",""
"957","121","556","1","1","333.84","pending",""
"958","44","516","69","2","314.67","pending",""
"959","234","968","69","4","68.03","pending",""
"960","147","1204","97","4","305.34","pending",""
"961","107","1168","68","4","492.32","fulfilled","1994-12-04 08:57:14"
"962","163","575","39","1","173.49","fulfilled","1993-12-02 22:42:01"
"963","145","1994","87","4","105.95","fulfilled","1981-07-07 20:40:05"
"964","112","453","49","3","330.75","fulfilled","1996-05-01 02:15:12"
"965","0","246","5","4","286.36","pending",""
"966","59","28","45","2","306.79","fulfilled","2018-10-11 03:53:31"
"967","220","1410","15","5","141.54","fulfilled","1978-08-07 00:13:49"
"968","33","635","49","3","216.34","pending",""
"969","357","863","56","5","115.47","pending",""
"970","323","647","19","2","214.27","pending",""
"971","354","1301","16","2","442.1","fulfilled","2008-10-19 20:57:42"
"972","277","1797","74","3","264.51","pending",""
"973","360","1323","80","5","329.4","pending",""
"974","301","352","63","3","421.56","fulfilled","2000-08-13 08:34:41"
"975","27","993","67","3","272.34","fulfilled","2000-10-31 05:10:01"
"976","289","330","60","4","80.43","pending",""
"977","165","135","47","1","43.7","pending",""
"978","397","1453","57","5","443.76","fulfilled","1978-05-18 08:46:45"
"979","355","1509","64","5","359.24","pending",""
"980","62","131","85","2","375.42","fulfilled","2015-05-31 02:42:58"
"981","101","1627","4","5","431.54","pending",""
"982","167","568","0","5","142.19","fulfilled","1983-04-13 04:32:13"
"983","13","657","56","2","253.12","pending",""
"984","326","138","4","5","130.37","fulfilled","1981-12-26 04:11:21"
"985","229","1132","19","2","35.41","pending",""
"986","202","121","96","1","187.06","pending",""
"987","216","1753","78","2","148.8","pending",""
"988","126","1987","66","4","118.89","fulfilled","1974-12-03 05:19:54"
"989","60","1637","15","4","185.69","pending",""
"990","195","1230","19","4","488.7","pending",""
"991","230","215","1","1","211.86","fulfilled","1998-05-24 07:34:56"
"992","356","906","82","3","213.98","fulfilled","2017-05-07 07:17:46"
"993","190","844","63","4","243.48","fulfilled","2011-11-23 14:51:37"
"994","84","1449","38","2","387.18","fulfilled","1972-06-29 22:45:25"
"995","84","1332","54","5","87.86","fulfilled","1974-07-18 09:40:38"
"996","23","1284","7","4","224.15","pending",""
"997","74","277","27","1","470.18","fulfilled","2008-12-10 03:07:36"
"998","0","36","75","1","346.9","pending",""
"999","288","100","47","3","10.26","fulfilled","1993-11-06 19:26:28"
