"0","211","71","4","Must onto as make audience national system quite program lay smile recent.","1982-12-13 03:00:34.441263"
"1","271","26","1","Name miss seven deal artist interview brother interest whom.","2009-01-13 01:06:00.746610"
"2","162","19","2","Wear significant ground yard city month these long garden.","1986-11-19 14:12:25.967113"
"3","211","11","5","Lot care painting sort beyond billion eat step federal this sure.","2016-12-11 04:01:23.440336"
"4","1374","68","2","Gun skill condition protect scientist break consumer term worry.","1972-09-10 12:17:52.908253"
"5","1605","88","2","Thought environment more debate guy personal affect go story ball the.","2010-03-18 06:02:33.991837"
"6","233","42","3","Door those avoid everything pick age might push series.","1984-08-27 04:33:08.234971"
"7","1222","22","4","Every keep change thousand nice phone court charge dream decade Republican.","2015-07-17 16:30:43.031771"
"8","1366","98","4","Cell more long defense onto total nice night number study.","2024-05-10 03:43:40.462711"
"9","383","60","4","Section year yourself get organization experience marriage quite approach commercial one send.","1989-12-18 06:38:47.423544"
"10","594","68","2","Community follow each nature use son subject PM item.","1981-01-27 14:19:11.020841"
"11","1176","69","1","Present white hear dark senior day.","2011-04-12 06:51:28.152390"
"12","12","18","3","Several no goal thus pattern least million economic brother hear especially.","2022-12-09 07:06:27.152127"
"13","444","52","5","View one small field relationship effect enjoy life federal today through drop.","2018-01-25 06:23:21.478559"
"14","813","82","2","Short laugh exist soldier it future meeting.","1970-03-08 07:35:53.025337"
"15","939","71","1","Hand among present plant wide area example cover ever if raise.","2017-05-23 01:06:49.547502"
"16","550","5","4","Writer success growth treatment wait choose against you.","2002-05-17 09:26:56.955414"
"17","1857","39","5","Far rise grow loss position method whatever yard.","1987-02-13 16:28:22.453200"
"18","409","67","5","Market science agreement sea note here computer career dream official yourself.","1989-08-17 08:11:51.580910"
"19","12","72","3","Girl what happen generation will push player.","1997-01-12 01:10:49.974677"
"20","1218","83","5","Later kid item huge move happen design very magazine energy analysis however up.","1992-12-05 20:08:29.047943"
"21","1144","59","5","Word front eight prove lawyer rate exist art prove myself employee.","2017-08-11 10:20:09.906023"
"22","104","78","5","Nation husband especially form leader back government data born house fight quality.","1984-04-24 08:31:08.215593"
"23","739","93","1","Time close decision dinner certain effect happy center.","2018-03-26 07:42:37.626738"
"24","1153","3","2","Everyone as take five subject read born.","2016-07-10 17:43:51.277553"
"25","1731","15","1","Stand improve air your ok beautiful again conference.","2022-03-16 06:44:41.491440"
"26","1081","75","4","And so our such sing Democrat personal or study.","2013-10-13 05:47:36.134617"
"27","361","34","4","Drug simple factor gas often use not everything institution any.","2009-12-09 04:45:51.778283"
"28","1736","92","1","Whether which role main Republican keep customer land them would with situation Republican.","1993-10-03 05:30:00.560524"
"29","1922","0","3","Century strong goal about increase know.","1991-03-26 11:54:33.884136"
"30","1396","58","4","Wide painting themselves image put responsibility realize sure policy close everything.","2009-10-09 08:44:13.511313"
"31","243","88","1","Eat poor song ok professor door population accept true capital.","1991-06-03 03:45:26.072232"
"32","1966","25","4","Tree sense look rich event hand land their art spring.","2011-09-06 23:46:08.076035"
"33","1763","78","3","Must various address last strong power region issue.","1984-06-14 06:29:25.835292"
"34","30","45","3","Woman capital fight those activity candidate poor effect.","2012-07-26 18:34:45.474065"
"35","1138","21","3","Opportunity enough reason thought tell such along say although somebody.","2018-08-05 19:14:39.111172"
"36","1647","49","1","Wish on mother movie way no idea may owner project.","2024-11-23 23:46:20.743622"
"37","87","41","3","Up detail student beautiful carry allow research.","2002-11-20 04:41:23.541263"
"38","122","38","5","Ok give authority design movement assume modern soldier put become Congress feel culture.","2012-05-10 03:09:40.558526"
"39","1881","14","4","Physical actually understand set cover might.","2005-08-16 04:47:34.903526"
"40","1376","76","1","I music professional mention look western game seem teach hear number.","1993-10-02 00:57:03.886478"
"41","171","89","3","Black whom surface here get present remain compare move station often.","1993-08-30 07:16:10.987110"
"42","1649","93","2","Society simply understand himself president near something investment industry manage.","2008-04-15 12:45:57.328153"
"43","1817","76","2","How wall stuff protect future including impact best relate scientist often this everyone.","1973-08-06 23:35:27.505445"
"44","535","22","1","Run girl why you strategy head success other probably improve up western leader.","1995-03-11 22:30:07.501370"
"45","1682","69","5","From beyond answer general despite although white build.","2005-12-28 13:28:57.280099"
"46","222","2","2","Rest believe yeah job town everybody nothing stop significant major change.","1981-10-16 08:33:01.605252"
"47","445","81","3","Away fly nation pay site member write medical pay list in character ok.","2005-05-04 02:30:04.204042"
"48","1954","68","5","Also instead right local fact official marriage.","2002-08-14 05:30:34.235323"
"49","1876","60","2","Team itself suggest late wear bill generation subject.","2011-10-08 12:32:22.881491"
"50","1537","16","3","Consider everything expect personal indeed officer unit particular change PM up history war.","1994-05-14 03:05:38.445840"
"51","532","51","4","Parent away establish of be his positive ten environment economy.","2002-09-10 09:58:11.688155"
"52","398","84","2","Machine left street will environment air home cell than very suddenly.","2018-03-23 18:59:13.557838"
"53","158","72","5","Blood road computer indeed meet majority teacher education military under tell kitchen red.","1976-12-23 09:51:52.391001"
"54","172","70","1","Sell leg question commercial green cultural long air loss reduce anyone.","2009-12-06 00:42:44.502669"
"55","1578","88","5","Guess wonder what kind institution close skin line.","1979-08-20 16:34:54.299989"
"56","1758","2","2","Summer answer then head long this herself itself south little.","1999-03-11 08:52:13.262973"
"57","129","23","1","Computer term back physical article career research prevent state case Congress response sound.","1989-03-13 10:58:10.840260"
"58","642","13","3","Direction machine series popular tree every card road beyond.","1985-11-28 03:32:20.337926"
"59","818","53","3","Tv time discussion wrong newspaper shoulder during sure us like open.","1973-07-16 07:48:07.537301"
"60","1129","80","5","Much employee suddenly practice detail make effort cold factor someone.","2009-03-21 18:03:21.503140"
"61","1756","86","3","Maybe pay summer international special information radio face season.","1988-07-26 09:09:19.211338"
"62","77","24","3","Perform well heart both imagine especially nothing cold special research letter official feeling.","1983-12-31 05:01:11.805080"
"63","394","17","5","Begin ever whether near ten color decade environmental suggest.","2004-10-29 05:07:27.820481"
"64","832","56","3","Safe daughter front middle become law try year likely.","1979-06-13 20:01:14.997595"
"65","497","54","1","Kid myself sense crime partner everything run heavy Mrs.","1980-02-15 14:29:05.302108"
"66","953","29","3","Serious interesting style even town science where he give necessary.","1981-01-20 03:48:21.101189"
"67","1061","77","1","Mention than talk bank million true nature happy land standard happen.","1991-05-07 08:53:49.280662"
"68","1987","47","5","Yes statement movie ask bill popular media.","1975-09-29 06:08:24.075880"
"69","1644","15","2","Glass trouble now rest whose marriage.","1996-12-13 04:29:37.685945"
"70","382","88","3","Threat increase rock foreign skin six such maybe inside plant who order recognize.","1991-12-22 07:24:41.454762"
"71","852","41","5","Product ahead color during care give drop third help.","1984-03-16 01:20:01.941076"
"72","248","90","1","Station under home direction many help scene decade throw commercial experience option.","2024-08-02 14:36:46.832930"
"73","562","69","1","Study alone many on bank law whom.","1982-01-27 21:28:51.887140"
"74","19","32","1","Growth drive civil military much site majority two compare.","1985-08-03 04:30:31.227820"
"75","1495","0","2","Itself cut person keep option stock mother probably under discussion stage none.","1995-03-15 13:49:20.139147"
"76","1110","62","3","Process cultural into collection mean stand sing reduce form service issue.","2008-09-11 05:21:32.584637"
"77","685","76","5","Age with easy girl but include bill among develop ball area fact Republican.","1981-06-29 16:12:51.016947"
"78","369","57","3","Color likely new herself nor effort course street collection.","1976-11-14 09:36:01.659676"
"79","142","96","3","Bring water cost provide thought wind plan call.","2023-03-23 21:12:17.696648"
"80","472","34","1","Least investment sing such wind when growth.","2024-11-25 05:02:49.276825"
"81","1789","60","2","Can let degree education ground successful provide.","2005-09-04 06:57:30.382450"
"82","363","50","2","Against effort form some only raise and specific born through money policy pick.","2018-01-08 06:38:21.020243"
"83","1131","69","1","Interest say local every police Congress particular.","1974-03-14 23:08:11.130144"
"84","1302","13","3","Certainly teacher community author pass million though live day owner wonder discussion large.","2000-11-13 22:29:47.429917"
"85","1852","10","1","Enjoy very across nice exactly two member.","1980-05-04 05:21:19.954044"
"86","177","11","1","Especially again require play occur that important worry growth require bad.","2015-06-16 20:41:25.291903"
"87","1851","55","2","Serious three piece single condition town.","2004-02-04 16:07:59.543216"
"88","487","19","5","Pm pass relate general risk since eat watch campaign upon sense sure.","1990-01-20 21:26:17.886013"
"89","668","72","2","Until plan beat mother clearly general.","1974-10-19 12:28:43.715996"
"90","1498","85","5","Protect guess field like some individual couple wife real old president of.","2018-10-30 19:52:17.309611"
"91","1495","98","2","Summer resource blood rest teacher fund only pull.","1974-10-11 19:35:41.847327"
"92","872","11","4","War under according seven as challenge benefit memory seek.","2015-09-19 11:52:41.309208"
"93","1919","40","4","Series reach until reason race car evening miss once especially lead.","2008-06-30 21:51:39.514849"
"94","424","94","1","Soldier least employee major per life pull color four force trade.","1970-06-08 03:53:23.254397"
"95","211","47","2","Happen enjoy like while national low moment clear player trial way sell.","2008-12-12 11:59:44.131853"
"96","1022","58","4","With seem ball main possible want present.","2013-04-17 06:37:18.857845"
"97","476","6","4","Especially wind amount experience tree cut interview happen free half whom.","2023-07-28 08:48:33.822754"
"98","133","90","3","Rise first room choose least health pull hope environment country tonight.","1996-02-07 14:21:03.598395"
"99","241","73","2","Thought international without suggest character behavior material system environmental.","2015-05-21 05:28:14.199442"
"100","637","90","2","Parent face professional almost expert worry relate take show product.","1979-06-15 06:02:35.976126"
"101","1334","99","5","Keep appear begin smile within figure allow until read television coach star war.","1999-07-01 05:57:41.564069"
"102","1946","88","4","Hair expect bag charge price treat above.","1980-12-20 09:43:01.562820"
"103","710","97","2","Hit lay quickly approach day first relate level involve.","1986-08-09 04:34:55.277451"
"104","1886","34","3","Front rise stand success shake economy major week citizen.","1988-06-01 18:36:58.565054"
"105","1452","56","3","Once author chair food bag school after property.","1980-12-12 23:12:02.537476"
"106","456","21","5","Stay cover role team listen make every role.","2008-05-05 00:14:22.543153"
"107","935","5","1","Room speech great attack leader beyond recently garden color city oil.","2003-01-22 23:41:05.532791"
"108","819","95","3","Treatment eat thing alone should choice everybody half social responsibility dark cultural.","1982-02-28 13:26:58.532900"
"109","46","7","4","Go more citizen some simple much music.","2025-09-06 09:05:51.005046"
"110","1032","81","5","Resource hot fall bed recognize guess watch contain race.","2015-08-15 03:13:03.265692"
"111","1980","2","3","Increase person score others public continue increase key possible ball.","1974-12-25 19:56:58.936447"
"112","61","31","1","Show official responsibility ago number let Congress.","2025-04-12 11:16:40.733726"
"113","1856","11","5","Now TV would benefit budget five into behind smile time experience.","2024-09-19 04:08:20.331432"
"114","723","75","4","Might young author matter despite dream other investment suddenly not.","2014-12-17 02:02:38.835110"
"115","1915","31","3","Must huge significant politics song speak idea car everybody.","2009-07-21 14:44:19.222044"
"116","194","84","3","Likely shoulder attack effect everyone under particularly set back get.","2022-01-30 18:05:03.626061"
"117","501","49","4","Indicate page ever training product behind major.","2008-03-14 04:08:49.379881"
"118","1102","38","3","Someone field significant TV value heart experience piece spend six my site.","1989-03-16 00:56:15.887663"
"119","786","30","4","Development prepare official arrive experience ever executive nothing ready research create.","2022-02-02 01:07:46.536603"
"120","1302","75","1","Least test vote there car worker common significant surface return democratic moment hospital.","1998-10-28 02:31:16.705840"
"121","1584","40","3","Source cold unit provide ground senior experience eight involve focus significant.","2016-08-15 03:33:30.069459"
"122","75","84","4","Its various much laugh open garden food marriage medical south year.","1985-03-12 22:03:39.664501"
"123","261","30","3","Order and nor take such share sure.","1997-02-20 19:25:43.178707"
"124","936","83","1","Figure change suggest local big central compare close service like price road possible.","1989-05-11 06:13:31.689808"
"125","920","54","3","Major figure way certain worry space green knowledge stop including.","2022-11-09 03:11:54.446360"
"126","1142","71","1","Kind law ok notice ok become PM painting yourself many dog.","2006-11-24 23:38:45.188514"
"127","1368","15","5","Glass record know administration your point hit just who.","1982-03-21 20:18:37.271004"
"128","1884","4","1","Name necessary help popular center throw question maintain south person class.","1995-09-20 22:02:50.293702"
"129","1317","64","2","Religious mention statement forget important fill prevent performance.","2018-08-15 12:14:15.538131"
"130","1698","30","1","Long interesting successful drug few set.","1978-02-13 10:28:29.535914"
"131","1622","78","5","Box eye identify to draw security boy.","1995-07-29 20:00:39.763619"
"132","26","34","4","Compare yet summer go task final.","1991-12-21 07:31:08.969129"
"133","1933","38","4","Through moment against customer become source fall own provide question.","2019-11-16 06:50:58.477266"
"134","1856","46","5","Positive six inside leg produce sort later same eight.","2025-04-27 21:42:00.239590"
"135","1334","81","4","New bar maintain professional quite ready.","2025-07-17 05:52:07.467122"
"136","265","30","3","Your sea score camera ball west.","2003-01-28 20:28:43.625773"
"137","1910","86","1","Bad piece Mrs fight true wide.","2013-01-22 19:55:46.522325"
"138","1408","1","3","Try wear level onto hour stand.","1982-10-06 03:03:17.503799"
"139","570","82","5","Painting look finish fight executive five cup happen attorney ten a.","1989-04-20 21:04:34.683078"
"140","146","24","4","Republican continue raise couple loss war relate hand feeling reflect.","1992-04-04 13:48:09.669163"
"141","1916","10","3","Story north indeed concern situation by event.","2016-04-04 00:19:59.426739"
"142","946","36","4","Address simple role find exist true money boy reduce.","1976-12-11 03:30:22.997127"
"143","34","25","3","Analysis become laugh something exactly modern may design.","2010-12-30 20:01:53.170734"
"144","1248","25","3","Structure often require short agreement know recognize.","1973-06-30 10:33:23.129128"
"145","994","19","3","Team west Congress agent along message early five.","2001-05-19 02:37:24.036097"
"146","743","59","2","Continue rest eat necessary ok which rise this.","2014-12-10 09:31:11.364153"
"147","1333","10","5","Determine fact common wait else economy around black sea language you.","1983-03-09 14:29:16.976437"
"148","413","40","2","According clearly huge hospital resource anyone himself recognize after election environment face.","2013-03-10 07:26:12.904431"
"149","413","21","4","Face first three stock into room charge wear animal.","1986-05-05 18:40:45.337758"
"150","1398","50","4","Recognize tree bit concern maybe cause herself occur now.","1976-07-14 02:10:15.104740"
"151","737","98","3","Modern activity actually plant everything subject performance recognize report Congress consider already story remember.","1989-02-23 20:33:13.597766"
"152","681","19","3","Mission when about so child spring seem process option director imagine.","1996-07-24 11:17:20.388736"
"153","1959","23","4","Message financial away party offer bed study few management great education.","2013-04-01 21:39:07.676483"
"154","467","84","5","Let try find which ball much police get.","2019-07-06 09:33:34.638757"
"155","1768","3","1","Crime experience similar stock month number then glass.","1973-01-21 07:45:49.607125"
"156","964","96","3","Trial out fear nation help responsibility nice.","1982-12-10 22:30:48.239073"
"157","1712","72","3","Identify company lot husband gas control politics foot campaign.","1999-09-29 18:48:03.440983"
"158","34","88","2","Just class business often discuss skin although bank common institution.","2000-05-06 00:27:55.044027"
"159","895","99","2","Stay more standard season treat again choice point third something sell represent idea.","2023-09-28 19:41:44.006409"
"160","305","5","4","Create TV policy other herself tree rate stage better during.","2011-02-11 01:44:57.506074"
"161","509","54","2","Deep young determine responsibility mouth performance camera score commercial.","1972-05-19 04:45:39.803937"
"162","650","69","3","High probably employee high about reality half court section more image become.","1996-06-18 16:19:51.150952"
"163","1009","98","4","Parent medical song tough television price son.","1991-12-16 02:59:19.737711"
"164","1288","33","1","Peace military special program relationship will.","2003-03-03 15:48:34.541122"
"165","766","46","1","Analysis organization provide difference friend physical.","1971-07-13 03:36:33.946653"
"166","196","89","2","Address despite picture card environmental region collection so family bad success fly season.","1994-06-01 01:31:29.997544"
"167","1236","80","4","Space first bad mission leave people officer find natural officer.","2007-10-19 17:40:35.126420"
"168","869","17","4","Ahead trial itself able meet air benefit option page piece ok give at.","1971-05-03 21:49:49.012083"
"169","384","74","3","Walk specific able final apply soon rise really marriage.","2021-07-03 05:07:05.521965"
"170","513","34","5","Question American generation man data care baby kitchen early much trip become.","1990-12-04 09:24:35.064634"
"171","131","51","3","Artist fight professional community camera become matter police partner.","1979-05-25 08:43:41.556902"
"172","1004","1","5","Behind school sometimes or traditional must reason feeling.","2025-11-20 16:42:09.000141"
"173","1845","13","3","Child especially management ahead individual ability sea black black feeling early.","1975-05-19 11:38:41.602700"
"174","261","44","4","Who evening according trip can they.","2004-09-08 13:06:21.978576"
"175","1536","17","3","Many yard develop whom last deal check consider half everybody.","2017-09-05 02:50:47.471054"
"176","583","82","5","Control specific popular book admit her process.","1981-12-31 20:49:50.387152"
"177","93","75","2","Should play education both these seven.","1987-02-17 03:22:01.908261"
"178","453","78","5","Science whether air stay trial place later upon customer.","2001-06-12 07:02:28.541714"
"179","1441","77","3","Study operation Congress I front ok he.","2023-03-22 15:40:55.637854"
"180","1933","19","1","New prevent president board fact evening shoulder reduce.","1979-06-07 21:05:50.085485"
"181","1181","34","4","Behind cost none tend food miss factor.","1971-11-02 21:36:00.144929"
"182","1887","34","5","Class natural up water policy thank cultural form yet then strong.","1996-05-09 10:16:45.011464"
"183","966","87","1","Boy late kitchen institution rate pick grow four director most edge vote play.","2003-11-30 18:53:39.366596"
"184","1056","24","4","Story relate point itself among across clear.","1984-12-07 17:04:56.619252"
"185","1413","61","2","Meet blue reality report have generation save senior.","2000-03-13 11:35:49.505421"
"186","879","26","1","Hospital language recent reveal there a poor out to indicate on gas thing.","1972-03-29 14:24:51.880698"
"187","110","42","5","Store move growth face debate miss result situation join movement yes.","2009-09-21 02:40:19.921976"
"188","506","50","4","Opportunity eat network staff walk common something establish leg since risk campaign.","1976-03-07 08:07:04.714123"
"189","1326","54","3","Reduce fire charge mention officer several result out very.","2015-01-24 13:42:04.816671"
"190","313","36","5","Two once professional against campaign could up pay agent.","1990-05-06 09:30:07.117898"
"191","871","80","4","Human task suffer sense spring study support next.","1990-04-13 15:32:28.047451"
"192","1703","24","3","Join maintain country listen hundred away suggest red summer.","1974-06-15 05:28:52.029008"
"193","985","34","4","Million blue pull voice military bar.","1982-07-02 18:04:52.700431"
"194","21","75","1","Appear never rather cell then field herself.","1998-12-16 15:26:30.498854"
"195","755","76","4","Hit of argue beat person until such of cut feeling center conference.","1982-02-01 22:28:25.272796"
"196","1783","20","1","Trade lot trouble trade sea people hour reveal find hard result require ability.","2019-02-18 04:37:24.643976"
"197","1194","79","5","Seek teacher politics else brother apply.","2014-12-20 11:18:47.531590"
"198","1839","54","2","Career clear simply gun market well far activity leave music fish plan.","1993-02-16 09:08:21.911014"
"199","1346","43","2","Write peace never loss strong state performance really.","1982-12-05 20:26:42.038937"
"200","613","58","4","Region guess east sure discuss most phone represent adult type air election.","2002-05-07 08:51:53.026881"
"201","1503","60","2","Upon professor officer fire tonight space play area manager rock offer.","2000-07-29 00:09:53.583826"
"202","560","58","4","Ball expect remain report often ready third building least range just down.","1990-08-31 17:13:04.239863"
"203","1157","18","3","Model short should you peace assume early ahead.","2014-09-17 01:36:47.850525"
"204","1772","29","4","Thousand behind couple present follow study main step between staff tonight product sport.","2017-02-10 14:19:00.971079"
"205","1815","76","3","One phone control where wait break concern number time drive former course.","1979-03-24 12:20:15.681176"
"206","1107","36","2","Involve perform plant hotel traditional cut its evening expert important room.","1987-09-06 07:04:12.621214"
"207","739","7","2","Clear reality movement they compare child goal service soldier product.","2009-06-20 10:11:21.658423"
"208","1533","77","3","How pick exist foreign might student case discuss reality.","2014-12-25 05:47:33.232332"
"209","783","64","3","Condition high successful soldier near modern simple them else other statement thus.","2018-04-23 21:30:22.766367"
"210","1934","99","5","Baby scene majority own beat can early agency concern artist recognize.","1985-10-20 03:56:58.842105"
"211","254","11","4","Position happy choose challenge them us area your owner want year.","1980-05-11 19:01:54.275445"
"212","1867","26","5","Similar knowledge recent put job husband.","2011-06-23 22:55:28.319207"
"213","1843","96","2","Challenge point individual remain friend enter.","2012-01-24 12:19:26.679887"
"214","211","78","3","Station field poor suggest far fill western stock.","2024-04-05 14:54:06.215701"
"215","44","67","5","Nature peace spring activity save anyone financial imagine from discuss customer produce.","1997-04-13 09:52:34.262861"
"216","662","56","5","Food eye energy fine phone next scientist color rule old send resource customer.","1993-01-04 16:07:51.208272"
"217","1140","45","2","North wear yes blood production stand.","2018-11-22 19:34:42.246040"
"218","1774","99","4","History should right career alone past give approach notice station know.","2005-09-21 04:11:32.221860"
"219","421","35","1","Third response actually beyond believe push himself similar month interesting region usually much feel.","1985-11-06 06:26:44.432993"
"220","1659","63","3","Man much physical economy my other save your owner.","1986-08-31 09:38:08.062246"
"221","1270","6","5","Unit authority short hot design character.","1992-10-21 04:29:28.397303"
"222","746","19","5","Culture customer especially condition this learn travel question some half she.","1988-11-22 20:18:04.344724"
"223","852","74","2","Floor wind onto always experience available glass just every growth guess.","2008-02-11 02:39:22.482254"
"224","663","84","5","Area cost energy trouble big increase have kitchen table necessary evidence evening short own.","1992-04-06 15:34:09.000615"
"225","1678","50","4","At these before shoulder treatment bad time relationship.","1993-10-12 20:21:23.313782"
"226","498","50","5","Hundred strategy sing thousand lawyer foreign provide throw hope eat forget Democrat.","1973-10-22 12:53:42.821425"
"227","1587","91","1","Shoulder lose use star either life science add but why.","1999-10-01 19:58:12.386889"
"228","1475","49","3","Institution should area TV figure expert could film production worker great.","2000-05-23 06:50:06.103265"
"229","842","55","4","Road should keep simply plant executive wish long.","2017-01-03 07:42:37.413691"
"230","1904","83","1","Society election order include listen responsibility maybe first man already.","2015-07-02 19:48:58.140830"
"231","1280","92","5","Whom air her live effect policy a rise.","1983-10-19 15:35:22.799293"
"232","1215","76","4","Worry than news citizen however everything under safe audience development.","1984-08-30 02:18:50.195457"
"233","732","4","2","Over into particularly former always different address cold.","1994-07-27 15:53:51.150693"
"234","0","3","3","Too total reflect side science new just.","1985-10-10 16:21:16.183438"
"235","1300","25","4","Light hour a which team both receive benefit agree.","2012-10-19 09:01:33.514160"
"236","1547","22","2","Similar listen person majority young skill.","1976-08-17 05:03:14.671429"
"237","672","91","3","Pressure well civil marriage left indicate worry play take edge adult tree.","1984-12-03 21:58:07.354766"
"238","574","4","2","Everything city good listen around lose say machine military store.","2024-11-28 15:20:39.116109"
"239","11","30","3","Civil success one sign glass tree area red civil activity imagine.","2012-04-22 22:13:50.149072"
"240","1163","87","3","Capital national dream somebody hour husband laugh great personal wall paper hundred shake.","2013-04-01 19:17:52.607156"
"241","366","62","5","Until parent day poor spend black scientist paper really peace.","2003-05-26 05:40:43.841107"
"242","1287","29","3","Move sound once special investment one.","1971-05-25 10:33:47.852299"
"243","1686","89","1","Wish fire happen war expect study behind.","1980-12-18 03:17:42.726720"
"244","1345","35","4","Paper series woman general remember father discover.","1983-01-09 13:13:25.977493"
"245","977","46","4","Church skin nearly perform street send room last.","2015-08-17 19:07:36.486362"
"246","582","53","1","Least street beat according summer sea.","1982-04-12 20:44:02.006251"
"247","1449","24","5","Deep president myself cost around kid reason method consumer standard.","1997-09-01 22:04:21.737837"
"248","1774","45","3","Contain dinner side care movement option like.","1980-07-05 22:37:52.627127"
"249","256","5","5","Film pay simple think shoulder remember body before late.","1984-05-02 06:19:10.969401"
"250","14","45","1","Show audience impact apply clear wall thank.","1997-11-03 17:13:48.011109"
"251","351","6","2","Bar discuss south not interesting return sister most audience.","2006-02-11 13:50:07.120139"
"252","188","70","1","Still stand book recently behavior concern radio well eat.","1992-01-29 19:44:54.716813"
"253","866","14","2","Purpose alone central cover however TV dark role.","1977-08-23 23:42:16.702577"
"254","1097","86","4","Bar red tell experience event himself professor customer.","1973-09-25 07:54:22.941675"
"255","5","47","3","Consumer sport operation right perhaps amount start single.","1972-06-29 02:21:39.535177"
"256","297","2","4","Yourself camera president individual least hope century purpose stock record still husband.","1979-12-16 19:43:14.117709"
"257","889","1","5","Light history middle despite hear group.","2006-05-26 08:13:08.417130"
"258","1615","36","1","Push nature animal but standard yes water.","2018-08-23 00:17:28.491745"
"259","820","61","3","Want perform land science TV morning unit cause.","1997-05-08 07:54:08.833669"
"260","1898","67","2","Cup stay local service interest clear raise.","2005-07-20 03:54:10.686889"
"261","584","83","2","By deal address health miss together pick station opportunity offer hit.","1981-02-05 19:25:16.097000"
"262","1477","77","2","Southern crime television story upon alone particularly hotel its much put score with.","2015-05-24 03:48:34.643059"
"263","1282","72","3","Think throw magazine reveal spend fill democratic fast amount.","2021-03-19 10:39:27.104072"
"264","1200","23","3","Remain hotel role drug great raise expert many send trial.","2006-05-17 23:31:24.367460"
"265","786","39","1","Focus hair college wish tell blue design education personal hotel soon.","2021-02-16 17:20:10.595318"
"266","1436","96","5","Eat work really owner college born white pressure stage bank it center sister.","2014-05-29 07:16:50.400889"
"267","1702","40","5","Next building last show even send program probably often cost.","2018-11-03 10:48:07.360107"
"268","318","85","4","Forward run over manage car it indicate name long.","2002-11-12 16:23:32.358516"
"269","1882","33","1","Song across on particularly bring up performance director down computer operation few.","1996-04-16 08:08:15.644594"
"270","1094","57","2","School catch require rather author watch hotel.","2001-02-28 10:43:16.896806"
"271","650","99","4","While feel explain scientist cup thought remain activity television environmental seven head stay.","1978-11-08 00:38:36.669587"
"272","1149","42","2","Green north page sometimes also size operation.","2000-06-20 16:48:39.405861"
"273","642","17","1","Follow fill drive child PM either their ask short nearly.","2017-12-08 04:00:45.136461"
"274","1118","81","2","Begin maintain save charge individual pretty sense part challenge star.","1991-07-06 20:32:20.476735"
"275","911","16","3","Very traditional will budget manage point together everybody her thank citizen success whole.","1995-09-12 07:50:23.673234"
"276","582","64","2","Author happy study better question tell bad.","1991-07-06 11:20:58.638918"
"277","352","65","2","Participant like land top beat girl wrong machine agent pass.","2016-06-25 18:13:53.687723"
"278","1263","81","1","Skin point early skill one trip.","1970-01-26 10:43:30.481416"
"279","1075","71","1","Week card contain land scientist street.","1975-08-28 01:59:24.510872"
"280","429","87","3","Her woman report back window book energy throw wife according option write where.","2009-12-26 08:14:20.028985"
"281","1359","37","4","Machine ago each suddenly scientist we single.","1995-01-10 10:39:51.566471"
"282","1558","70","4","Far onto understand one together candidate thank.","2006-10-06 01:08:46.477245"
"283","860","21","4","Realize reach heavy other action manage nearly scene surface bag great.","2004-05-02 07:09:12.161529"
"284","540","30","2","Effect sell wide consumer government small require experience memory at open.","2017-02-15 16:08:36.806527"
"285","783","12","4","Interest center condition sometimes wide central reveal impact save rich man site.","2016-08-15 15:00:38.423370"
"286","669","69","5","Safe middle movie how scientist sit fire.","1980-06-18 14:04:00.626810"
"287","1275","95","2","Serve lose result audience green majority radio moment response middle.","1987-07-11 04:21:47.867878"
"288","1939","75","5","Interest tax reflect why movement risk team to off nothing.","2013-05-05 07:46:04.520398"
"289","1233","56","3","Until dream gas involve can fill trial character.","1978-05-10 06:54:05.397135"
"290","394","11","3","Dinner see a structure simple radio late policy.","1982-09-08 09:34:35.223254"
"291","1181","79","3","Deal since medical thus action color smile collection sit.","2000-04-21 19:36:34.212134"
"292","1690","12","1","Age way manage action policy about peace write only.","2001-01-30 07:34:24.868912"
"293","1004","80","5","Church gas issue rise number win occur save turn.","2022-04-24 08:14:15.936489"
"294","23","2","5","Sense team everybody close front official effect himself expect rock law cell parent.","2001-04-01 13:54:54.515147"
"295","1449","9","4","Draw type wait market year technology religious street.","2020-08-24 05:56:03.429783"
"296","542","51","4","Apply management service this produce something seat majority cut ok likely throughout plant.","1999-05-15 17:17:51.756721"
"297","954","39","2","Often trip performance church performance family dog factor.","1980-10-10 03:15:40.757111"
"298","251","32","3","Probably Democrat specific than still phone risk professor.","2001-07-12 19:14:45.053481"
"299","1514","14","3","Focus throw area will yourself store series final whatever member second.","2008-09-13 15:25:04.474027"
