"0","9","1259","51","3","462.8","fulfilled","1991-06-02 07:11:29.140610"
"1","284","227","9","5","344.64","fulfilled","1975-02-06 11:37:56.726976"
"2","124","594","4","3","364.3","fulfilled","1972-04-16 19:59:29.879989"
"3","393","409","30","2","450.56","pending",""
"4","285","1451","31","3","255.52","fulfilled","1981-09-21 16:15:13.706065"
"5","106","1903","52","1","467.66","fulfilled","2005-05-03 10:58:36.192320"
"6","378","1456","34","4","440.46","fulfilled","1988-06-01 05:33:51.331679"
"7","27","1638","78","2","16.37","pending",""
"8","170","976","98","4","350.74","fulfilled","1992-10-26 08:33:19.548754"
"9","226","134","35","2","405.09","pending",""
"10","258","411","33","1","8.4","pending",""
"11","190","822","97","3","150.98","fulfilled","1990-12-13 08:02:54.374782"
"12","42","346","60","5","181.36","pending",""
"13","210","1942","77","3","59.07","pending",""
"14","321","326","83","3","265.9","pending",""
"15","358","1724","68","2","25.83","fulfilled","2025-03-06 20:44:43.737359"
"16","41","169","10","5","12.66","pending",""
"17","329","144","14","5","371.83","pending",""
"18","93","1216","99","3","131.62","pending",""
"19","40","1809","34","5","324.3","pending",""
"20","310","1414","37","5","265.25","fulfilled","1973-12-13 15:32:45.804276"
"21","312","1018","50","1","65.28","pending",""
"22","60","1789","82","3","483.36","fulfilled","1980-03-03 02:06:24.061499"
"23","29","1890","31","3","458.4","fulfilled","1979-08-08 14:55:23.992576"
"24","30","1381","34","5","440.9","fulfilled","2005-12-24 12:45:43.988245"
"25","41","1075","83","1","381.87","pending",""
"26","387","1324","27","2","216.04","fulfilled","2003-12-11 21:55:27.523067"
"27","273","1922","34","5","65.18","fulfilled","1977-09-10 13:44:33.501210"
"28","68","765","5","1","201.38","fulfilled","1991-08-12 23:53:17.612830"
"29","362","702","18","4","400.14","pending",""
"30","83","205","70","4","121.26","fulfilled","1984-11-27 16:46:09.410274"
"31","134","215","19","5","441.39","fulfilled","2022-12-14 17:47:59.851212"
"32","155","461","37","5","390.8","fulfilled","2002-10-08 09:34:50.537716"
"33","124","1572","66","3","401.07","fulfilled","1970-09-19 15:23:21.069257"
"34","220","835","43","3","167.52","fulfilled","1988-08-04 07:58:27.551229"
"35","318","1094","76","2","149.69","fulfilled","2023-08-31 15:18:04.471196"
"36","21","442","74","4","472.53","pending",""
"37","11","1069","2","4","37.09","fulfilled","2020-12-09 21:55:30.088220"
"38","89","1544","68","2","370.82","fulfilled","2019-12-02 14:59:41.847576"
"39","109","1352","62","3","220.66","fulfilled","2010-05-16 09:33:13.035188"
"40","387","856","19","5","499.39","fulfilled","2017-07-16 02:17:24.970371"
"41","332","1413","1","3","313.57","fulfilled","2025-10-25 21:48:09.127733"
"42","168","1961","8","4","369.25","pending",""
"43","307","318","64","4","436.05","pending",""
"44","304","1260","6","2","86.89","fulfilled","1980-04-26 08:28:37.831735"
"45","76","1496","81","3","176.93","pending",""
"46","396","421","4","5","399.16","fulfilled","2008-07-10 04:06:36.364362"
"47","13","113","82","5","162.15","fulfilled","1995-02-26 14:54:20.419600"
"48","34","671","40","2","275.62","fulfilled","1982-05-17 17:55:19.337959"
"49","330","1536","55","3","466.85","pending",""
"50","53","441","30","4","64.78","pending",""
"51","104","717","4","1","215.98","fulfilled","1995-10-16 03:11:25.714767"
"52","158","1231","47","4","216.51","fulfilled","2006-06-24 21:30:50.349404"
"53","149","1978","4","2","162.76","fulfilled","1994-07-17 13:39:12.860066"
"54","381","1229","36","5","69.59","fulfilled","1980-06-04 03:52:34.950437"
"55","350","1252","68","5","163.87","fulfilled","2004-02-26 18:11:29.998896"
"56","240","1678","59","1","434.19","fulfilled","1973-12-04 12:20:56.759870"
"57","287","1745","73","5","284.87","pending",""
"58","78","1724","38","1","259.87","pending",""
"59","10","960","62","1","208.54","pending",""
"60","112","551","90","2","149.24","fulfilled","1981-09-18 17:33:08.485923"
"61","33","822","81","4","259.2","fulfilled","2011-05-12 14:12:24.928928"
"62","351","1085","61","3","100.37","pending",""
"63","246","818","19","4","209.72","fulfilled","2005-02-11 21:49:03.805434"
"64","25","990","91","4","311.33","fulfilled","2001-01-31 00:54:32.206367"
"65","319","1920","45","2","355.21","pending",""
"66","375","1723","30","2","61.61","fulfilled","2024-11-22 00:34:59.057631"
"67","119","636","6","2","336.0","pending",""
"68","263","1842","73","3","317.46","pending",""
"69","399","880","58","2","236.32","pending",""
"70","116","1249","21","4","422.02","pending",""
"71","97","358","91","2","202.02","pending",""
"72","319","309","75","1","322.12","pending",""
"73","157","990","50","1","397.96","pending",""
"74","85","1677","14","5","213.42","fulfilled","1980-12-18 08:40:46.746960"
"75","277","233","85","1","265.51","pending",""
"76","23","51","31","1","455.13","fulfilled","2013-01-11 14:11:17.131457"
"77","147","94","68","3","157.71","fulfilled","2019-03-22 06:16:30.877992"
"78","322","1078","71","4","197.56","fulfilled","2000-10-23 17:42:13.353409"
"79","120","1574","92","4","85.34","pending",""
"80","302","806","20","3","245.65","fulfilled","1988-08-07 13:08:06.774087"
"81","374","1468","61","4","393.05","fulfilled","2008-01-25 09:39:36.975499"
"82","365","509","26","4","38.23","pending",""
"83","232","1227","35","1","388.64","fulfilled","1994-01-30 11:09:44.529355"
"84","157","245","99","5","370.7","pending",""
"85","347","239","53","3","100.67","pending",""
"86","325","903","11","3","360.57","fulfilled","2014-05-21 16:15:31.713776"
"87","237","966","59","4","450.4","fulfilled","1988-01-17 21:54:39.106281"
"88","42","513","63","4","65.62","fulfilled","1985-10-17 09:33:30.829787"
"89","138","1729","87","3","51.76","pending",""
"90","384","708","69","5","357.26","fulfilled","1988-11-12 02:34:18.358941"
"91","78","1879","53","2","381.94","pending",""
"92","121","439","28","5","196.42","pending",""
"93","312","398","65","3","21.04","fulfilled","2019-05-05 16:44:46.670378"
"94","296","1648","15","4","470.72","pending",""
"95","113","303","80","5","440.15","pending",""
"96","147","847","28","2","212.86","pending",""
"97","89","463","19","2","445.7","pending",""
"98","171","1241","50","4","489.9","fulfilled","1996-07-10 17:26:22.122496"
"99","81","1407","23","5","359.23","fulfilled","1976-09-22 09:04:50.970233"
"100","86","993","30","2","171.24","pending",""
"101","26","1552","13","4","450.53","pending",""
"102","112","79","41","4","20.15","pending",""
"103","391","1774","98","1","374.33","pending",""
"104","259","1634","62","5","373.88","pending",""
"105","293","793","55","5","247.34","pending",""
"106","150","467","51","4","83.15","fulfilled","2008-01-13 03:09:05.759678"
"107","347","92","66","4","29.54","fulfilled","2012-02-24 05:44:02.866750"
"108","78","508","9","2","138.26","pending",""
"109","303","1454","38","5","35.14","pending",""
"110","379","500","31","5","176.05","pending",""
"111","207","1951","86","3","124.66","fulfilled","1971-07-09 13:05:55.225646"
"112","275","193","99","5","97.5","fulfilled","1974-10-06 05:38:11.534939"
"113","63","1234","30","1","34.84","pending",""
"114","98","1979","72","3","454.2","pending",""
"115","331","1029","20","2","45.63","fulfilled","1997-01-22 00:54:31.800965"
"116","302","331","38","2","226.24","fulfilled","1973-01-25 17:26:32.756098"
"117","127","666","15","5","74.84","pending",""
"118","282","1892","2","2","100.87","pending",""
"119","327","1043","40","1","236.84","fulfilled","1996-10-23 19:18:41.243703"
"120","120","9","67","1","238.45","pending",""
"121","282","1464","17","5","146.98","pending",""
"122","7","1537","63","1","27.65","fulfilled","1980-09-23 18:22:32.383981"
"123","274","1427","53","4","327.72","pending",""
"124","136","203","41","2","464.03","pending",""
"125","114","1313","51","1","444.82","pending",""
"126","186","30","68","4","337.23","fulfilled","1999-02-03 08:59:20.586406"
"127","77","1409","24","4","269.25","pending",""
"128","10","740","49","2","72.55","fulfilled","1999-03-29 12:30:54.412088"
"129","288","496","60","5","20.2","fulfilled","1990-01-12 19:07:44.424108"
"130","149","1550","3","4","249.47","pending",""
"131","349","1383","21","3","105.04","pending",""
"132","387","1167","20","4","291.53","fulfilled","2003-11-22 03:07:15.957209"
"133","273","1173","20","3","36.81","pending",""
"134","180","1719","88","1","198.95","pending",""
"135","238","1293","1","4","399.76","pending",""
"136","284","963","94","5","298.84","fulfilled","2015-02-17 04:32:13.680162"
"137","393","505","80","1","80.55","pending",""
"138","144","1258","20","5","225.81","fulfilled","1970-01-18 19:16:20.845063"
"139","56","763","12","2","349.19","fulfilled","1999-02-24 15:00:50.318319"
"140","206","1471","82","3","381.01","pending",""
"141","397","595","64","1","310.96","pending",""
"142","177","819","49","4","328.05","pending",""
"143","45","413","10","2","29.88","pending",""
"144","131","1649","64","4","412.97","pending",""
"145","248","1828","45","4","214.73","fulfilled","2012-03-23 22:13:49.225033"
"146","252","1439","48","1","360.49","pending",""
"147","289","1009","73","4","209.99","fulfilled","1980-05-24 15:49:47.562395"
"148","12","1503","80","4","75.94","fulfilled","2014-03-12 08:35:57.603839"
"149","69","1313","67","3","246.69","pending",""
"150","43","590","30","3","443.57","fulfilled","1975-01-19 16:03:33.276007"
"151","265","1087","48","4","421.52","fulfilled","2006-01-01 11:19:28.342674"
"152","396","49","63","3","452.9","fulfilled","1971-01-19 23:08:33.831741"
"153","58","859","40","2","288.28","fulfilled","1992-06-24 11:18:47.227073"
"154","216","1947","7","1","288.69","fulfilled","2004-11-21 00:23:33.021993"
"155","35","1596","61","4","45.96","pending",""
"156","26","830","78","4","151.9","pending",""
"157","342","1307","2","5","261.77","fulfilled","2007-08-11 04:02:21.479206"
"158","393","21","37","4","451.3","fulfilled","1970-05-19 10:11:18.216547"
"159","358","863","93","3","214.24","fulfilled","2023-03-12 12:10:15.426991"
"160","74","1961","73","1","347.48","fulfilled","1994-07-09 05:42:18.091239"
"161","331","430","54","4","411.2","pending",""
"162","195","1544","81","4","25.83","fulfilled","1993-12-12 09:40:08.440552"
"163","313","36","6","1","5.09","fulfilled","2020-04-07 01:32:52.160051"
"164","157","21","94","1","452.93","pending",""
"165","200","1631","58","5","378.43","pending",""
"166","163","1946","34","2","497.54","fulfilled","1987-12-29 22:40:54.142126"
"167","391","1627","5","1","118.35","fulfilled","1975-09-16 04:27:54.434106"
"168","182","1211","88","4","438.42","fulfilled","2006-12-02 12:17:23.894069"
"169","229","1519","21","5","462.33","fulfilled","1995-12-13 15:37:31.757051"
"170","195","1736","79","4","278.69","pending",""
"171","131","180","71","4","186.31","pending",""
"172","380","14","36","1","120.32","fulfilled","1984-03-14 19:50:01.437535"
"173","82","1193","4","3","432.65","fulfilled","1996-04-29 21:26:44.839451"
"174","219","105","85","4","251.18","pending",""
"175","29","663","35","1","462.37","fulfilled","2000-06-14 11:22:50.780284"
"176","198","1143","11","4","177.4","pending",""
"177","3","516","80","5","111.74","pending",""
"178","251","706","32","2","91.47","fulfilled","2018-02-12 08:12:39.385732"
"179","262","1534","66","5","154.91","pending",""
"180","72","57","69","1","62.51","pending",""
"181","199","416","64","1","419.66","fulfilled","2005-03-21 23:53:03.616754"
"182","15","1700","12","3","162.26","fulfilled","2010-06-10 02:42:47.393960"
"183","305","125","46","1","192.84","pending",""
"184","349","5","19","4","482.74","fulfilled","1975-11-23 17:55:17.207457"
"185","45","409","17","1","193.9","fulfilled","2013-12-03 08:07:35.487061"
"186","348","1216","54","2","68.84","pending",""
"187","293","452","17","1","287.92","fulfilled","2020-07-12 10:57:39.880085"
"188","176","186","17","2","317.89","pending",""
"189","305","1605","5","4","166.4","pending",""
"190","190","724","80","1","266.36","pending",""
"191","270","181","33","1","84.94","fulfilled","1984-07-15 07:09:29.085097"
"192","140","707","88","2","370.43","fulfilled","1988-04-08 17:03:34.732582"
"193","186","40","10","5","151.35","fulfilled","1979-02-03 13:02:32.158339"
"194","140","680","13","2","473.21","fulfilled","1999-03-24 06:08:07.444209"
"195","247","310","98","2","80.66","pending",""
"196","56","1271","14","5","74.7","pending",""
"197","181","1873","73","1","295.17","pending",""
"198","159","582","15","1","138.94","fulfilled","1970-08-04 21:05:41.658285"
"199","31","769","24","4","238.64","fulfilled","1984-03-12 23:28:14.766824"
"200","102","230","68","4","247.3","pending",""
"201","308","1467","47","3","448.17","pending",""
"202","174","734","56","3","73.43","fulfilled","2023-05-03 11:11:14.162560"
"203","125","905","95","5","204.93","fulfilled","2003-06-11 01:38:20.701275"
"204","128","778","96","5","119.9","pending",""
"205","257","1582","33","4","246.15","pending",""
"206","156","1342","58","5","401.35","fulfilled","1983-08-01 07:03:19.296459"
"207","206","1919","11","4","295.48","pending",""
"208","53","12","0","3","223.55","fulfilled","2002-07-20 18:05:21.592755"
"209","42","687","43","1","446.19","pending",""
"210","57","1567","13","5","235.89","fulfilled","2001-01-09 20:33:36.609924"
"211","30","981","52","1","165.81","pending",""
"212","115","1112","72","4","57.09","pending",""
"213","265","84","79","3","143.64","pending",""
"214","338","790","63","3","488.46","fulfilled","2001-01-24 04:13:43.807338"
"215","60","1778","94","1","8.27","pending",""
"216","327","1933","80","1","310.1","pending",""
"217","276","1237","75","3","86.09","fulfilled","1999-07-30 06:33:38.037957"
"218","245","176","72","5","247.47","pending",""
"219","50","1941","42","1","342.05","fulfilled","1994-02-18 19:35:18.500780"
"220","392","203","14","3","253.92","fulfilled","1982-05-01 19:14:23.893103"
"221","238","477","7","1","350.12","pending",""
"222","287","1655","32","4","311.39","pending",""
"223","13","1557","29","4","216.86","pending",""
"224","195","1977","40","3","425.53","fulfilled","2017-08-23 06:54:18.695735"
"225","29","702","89","2","331.67","pending",""
"226","175","1330","87","3","203.54","fulfilled","1990-10-04 18:28:59.331146"
"227","84","1406","14","1","405.7","fulfilled","2020-12-17 21:49:56.415923"
"228","205","847","86","5","253.98","pending",""
"229","136","1983","38","5","20.59","pending",""
"230","28","576","65","5","235.12","fulfilled","2008-07-25 16:50:22.270102"
"231","37","153","82","1","310.63","fulfilled","1994-03-23 10:22:29.768497"
"232","106","287","83","3","82.47","pending",""
"233","250","7","29","4","77.21","fulfilled","2015-07-10 20:19:01.110759"
"234","359","1999","67","2","221.4","fulfilled","2014-04-29 21:57:23.864837"
"235","140","896","35","3","374.31","pending",""
"236","397","658","7","1","320.28","pending",""
"237","28","554","4","3","442.31","fulfilled","2023-07-30 04:20:42.771493"
"238","198","597","24","5","119.39","fulfilled","1992-04-16 15:03:52.823880"
"239","358","103","36","5","8.46","fulfilled","1999-04-06 23:00:59.306698"
"240","44","1280","88","4","225.06","pending",""
"241","7","1132","17","2","480.83","fulfilled","2008-10-04 13:08:58.338144"
"242","131","1911","3","4","304.05","fulfilled","2022-04-04 19:31:22.287853"
"243","244","1806","48","2","170.33","pending",""
"244","286","721","26","2","287.7","pending",""
"245","323","984","8","5","364.15","pending",""
"246","201","448","54","1","450.63","fulfilled","1988-08-17 23:49:33.127337"
"247","310","590","30","2","251.89","fulfilled","1978-12-22 00:43:47.693159"
"248","275","1837","87","2","292.15","fulfilled","2013-07-23 07:49:08.672785"
"249","150","195","35","2","7.97","fulfilled","2004-06-21 06:15:25.279826"
"250","388","278","12","2","401.35","pending",""
"251","366","1088","5","3","379.43","fulfilled","1976-05-13 20:46:09.429027"
"252","243","1812","38","1","213.06","pending",""
"253","95","492","17","2","186.32","pending",""
"254","214","999","18","2","169.5","fulfilled","1981-02-12 21:41:44.117730"
"255","1","1198","68","2","339.06","fulfilled","1982-07-13 10:25:28.735959"
"256","276","1917","0","5","18.43","fulfilled","2007-03-15 08:51:26.522447"
"257","281","466","52","1","353.89","pending",""
"258","118","300","60","3","209.35","fulfilled","2014-07-04 07:28:25.873787"
"259","292","1546","73","3","232.94","fulfilled","2023-09-18 12:24:33.970584"
"260","379","673","62","4","349.47","fulfilled","1994-04-29 14:31:03.723258"
"261","365","1911","55","3","322.73","fulfilled","1984-10-10 14:23:57.560308"
"262","373","1308","73","5","452.68","fulfilled","1978-01-09 14:20:54.031448"
"263","115","1621","16","1","202.5","pending",""
"264","247","331","19","5","167.45","fulfilled","2011-02-28 11:11:58.523601"
"265","289","1269","32","2","434.75","pending",""
"266","188","360","69","2","415.84","pending",""
"267","249","1634","6","5","99.41","fulfilled","2023-03-28 13:39:27.590790"
"268","11","1618","33","3","80.41","pending",""
"269","268","1925","4","5","57.56","pending",""
"270","387","524","20","4","111.74","fulfilled","2019-05-26 09:53:58.017197"
"271","86","999","59","2","439.07","pending",""
"272","328","1399","51","3","450.76","fulfilled","1985-12-01 00:13:01.259715"
"273","109","1167","3","1","438.12","fulfilled","1977-01-14 16:35:19.472006"
"274","338","1987","64","2","308.06","fulfilled","1989-12-24 21:50:11.639534"
"275","168","1495","14","4","145.25","fulfilled","1999-05-02 10:44:38.517331"
"276","286","1864","60","4","209.24","fulfilled","2025-02-05 18:40:45.387104"
"277","52","477","78","4","442.38","fulfilled","1994-11-17 01:51:29.468878"
"278","49","1703","5","5","267.68","pending",""
"279","168","1850","14","3","5.21","pending",""
"280","190","1287","76","2","380.11","pending",""
"281","0","751","28","3","181.63","pending",""
"282","397","1921","70","4","335.08","fulfilled","1975-01-28 03:23:04.796078"
"283","392","152","20","1","321.04","pending",""
"284","137","741","60","3","224.91","pending",""
"285","101","987","59","2","342.02","fulfilled","2011-11-05 11:23:55.859852"
"286","70","177","93","4","455.94","fulfilled","1990-06-06 23:50:21.119382"
"287","344","1972","95","4","63.81","pending",""
"288","238","670","85","5","347.92","fulfilled","1998-05-18 02:05:13.077258"
"289","110","1649","93","2","99.23","fulfilled","1992-06-30 12:49:23.908302"
"290","353","588","20","5","293.12","fulfilled","1977-03-18 22:04:07.945167"
"291","16","808","23","3","470.27","pending",""
"292","197","1107","91","1","429.75","pending",""
"293","70","10","88","2","290.83","fulfilled","1997-08-19 23:45:13.149310"
"294","177","1971","46","2","393.41","pending",""
"295","253","1723","91","3","294.64","pending",""
"296","122","887","88","3","235.23","fulfilled","1973-12-12 14:50:28.612845"
"297","288","1353","45","1","499.43","pending",""
"298","63","1730","12","1","175.93","fulfilled","1986-10-10 04:45:53.638143"
"299","275","1202","59","4","12.85","pending",""
"300","44","476","80","3","450.92","fulfilled","2008-12-04 05:36:00.472304"
"301","307","1811","41","2","243.21","pending",""
"302","228","883","60","1","480.08","pending",""
"303","399","296","58","2","150.89","fulfilled","2023-05-02 09:20:35.988362"
"304","168","1501","17","5","157.69","pending",""
"305","117","256","27","3","450.6","fulfilled","2010-06-02 10:42:26.646640"
"306","268","1861","37","5","264.33","pending",""
"307","312","858","92","1","307.64","pending",""
"308","58","933","0","2","190.24","pending",""
"309","19","1039","97","2","453.16","fulfilled","2023-01-03 17:38:04.912868"
"310","180","1783","31","4","456.22","fulfilled","1993-07-11 06:40:21.818014"
"311","294","1936","11","2","361.86","fulfilled","2012-10-03 10:24:26.694631"
"312","286","1637","92","2","152.21","fulfilled","2016-04-27 00:26:39.959374"
"313","399","1560","88","3","274.22","fulfilled","1983-10-29 20:37:10.574188"
"314","29","1489","61","4","329.0","pending",""
"315","192","1679","20","2","401.99","fulfilled","1984-09-16 09:51:57.144836"
"316","346","414","55","5","120.13","pending",""
"317","355","552","75","4","58.97","fulfilled","2016-08-10 07:03:58.379352"
"318","161","155","87","3","425.37","pending",""
"319","160","1290","92","5","104.97","fulfilled","2011-03-04 05:45:26.689043"
"320","338","446","59","4","378.31","fulfilled","1999-02-10 23:49:01.816202"
"321","291","1613","92","2","446.5","pending",""
"322","240","1815","60","2","400.21","fulfilled","1972-11-26 11:46:24.579543"
"323","331","1919","34","4","375.15","fulfilled","2024-01-26 00:11:47.436298"
"324","263","352","55","3","23.5","pending",""
"325","332","638","78","2","75.13","fulfilled","2021-09-14 01:42:03.969899"
"326","323","1312","68","3","219.05","pending",""
"327","344","1152","14","3","111.31","fulfilled","1971-11-02 03:11:40.022489"
"328","321","1831","68","1","9.44","pending",""
"329","231","416","81","4","236.32","fulfilled","1989-03-16 01:08:35.718964"
"330","69","1267","77","3","482.86","pending",""
"331","193","1747","58","2","112.82","pending",""
"332","184","812","97","2","303.04","fulfilled","2004-04-17 11:56:04.650398"
"333","175","432","40","1","426.57","fulfilled","1973-10-08 14:41:58.021140"
"334","386","1345","43","2","197.91","fulfilled","1998-03-07 07:58:39.567501"
"335","301","638","50","1","347.55","pending",""
"336","102","721","92","4","282.13","fulfilled","1992-04-24 04:28:35.292099"
"337","378","1353","3","1","237.32","fulfilled","1998-11-03 02:00:44.792847"
"338","50","524","12","4","491.95","fulfilled","2015-09-26 16:59:33.631261"
"339","248","934","3","5","43.0","fulfilled","1985-09-08 14:37:42.621248"
"340","337","557","61","2","399.64","fulfilled","2022-01-03 07:24:54.476998"
"341","392","1385","16","3","189.23","fulfilled","1994-05-23 23:16:07.928042"
"342","6","1787","35","5","182.63","fulfilled","1974-05-24 01:53:35.743622"
"343","250","1248","43","3","340.64","fulfilled","2009-08-26 20:14:54.673480"
"344","13","964","67","3","62.69","fulfilled","1979-12-02 04:33:29.579392"
"345","358","1836","46","4","445.64","pending",""
"346","20","1149","40","5","286.87","pending",""
"347","120","1670","30","1","96.91","pending",""
"348","349","230","83","2","363.81","pending",""
"349","328","1082","94","3","431.54","pending",""
"350","178","1450","56","4","210.65","pending",""
"351","320","789","62","2","324.06","fulfilled","1980-06-15 19:58:38.595714"
"352","33","1087","42","3","262.99","fulfilled","1986-01-01 01:04:32.724291"
"353","170","461","29","5","106.59","pending",""
"354","298","1346","77","1","226.31","pending",""
"355","100","879","91","2","73.24","fulfilled","2000-05-01 12:31:05.475953"
"356","175","450","76","3","368.7","fulfilled","1986-11-17 20:58:47.835409"
"357","333","1625","13","2","79.7","pending",""
"358","147","502","5","1","262.23","pending",""
"359","235","1538","60","2","333.54","pending",""
"360","102","375","95","5","444.67","fulfilled","1995-11-12 16:02:19.441838"
"361","33","723","63","5","192.05","pending",""
"362","135","1895","85","4","453.27","fulfilled","2014-04-22 07:42:14.014865"
"363","88","1514","7","5","283.31","fulfilled","2001-05-03 22:51:43.128314"
"364","176","130","63","1","425.05","pending",""
"365","359","1291","98","5","465.63","fulfilled","1974-02-21 08:51:29.732569"
"366","72","1343","99","4","342.25","fulfilled","1974-04-22 21:48:42.092828"
"367","92","554","86","4","27.44","pending",""
"368","187","544","25","3","251.87","fulfilled","2024-08-08 17:25:00.080455"
"369","54","685","21","3","85.64","fulfilled","1988-08-28 13:07:00.609452"
"370","374","1286","44","3","204.97","pending",""
"371","289","1582","86","1","217.47","fulfilled","1992-11-13 17:29:21.322183"
"372","344","1555","47","5","34.8","pending",""
"373","181","854","54","4","333.91","pending",""
"374","71","630","5","5","328.9","pending",""
"375","169","120","20","2","202.48","fulfilled","2002-02-10 10:02:25.916013"
"376","174","1525","73","5","281.1","pending",""
"377","358","235","80","3","336.9","pending",""
"378","61","1712","22","2","29.09","pending",""
"379","321","1442","44","4","130.35","pending",""
"380","298","828","22","1","385.3","pending",""
"381","304","474","37","1","43.04","pending",""
"382","193","1851","6","1","390.54","fulfilled","1970-11-19 21:02:04.181768"
"383","196","264","13","4","302.13","pending",""
"384","352","112","57","5","283.19","fulfilled","1978-04-26 11:15:51.579361"
"385","289","676","76","4","177.95","pending",""
"386","95","483","41","2","493.91","pending",""
"387","17","1462","49","4","387.73","pending",""
"388","127","1768","75","4","151.95","fulfilled","2006-09-27 20:48:57.723656"
"389","105","421","88","3","371.56","fulfilled","1996-09-15 23:41:29.653812"
"390","387","1217","86","4","84.45","pending",""
"391","345","400","3","4","229.15","pending",""
"392","273","1421","22","5","384.51","pending",""
"393","282","1042","84","5","201.37","pending",""
"394","360","561","72","5","173.85","fulfilled","1989-06-12 23:33:07.156108"
"395","330","1094","35","3","145.15","fulfilled","2017-06-25 01:39:32.306481"
"396","107","1665","2","1","207.97","pending",""
"397","221","1099","68","3","331.89","pending",""
"398","101","1450","61","3","118.95","fulfilled","1988-07-06 23:19:26.511962"
"399","372","1118","57","1","128.56","fulfilled","1979-02-19 04:28:44.038030"
"400","350","130","47","5","452.83","pending",""
"401","362","1047","56","3","39.41","fulfilled","1975-02-20 08:38:25.652184"
"402","113","1271","20","3","71.32","pending",""
"403","273","556","76","2","213.37","fulfilled","1990-12-10 08:57:17.145979"
"404","343","722","1","1","216.31","pending",""
"405","23","288","11","5","28.73","fulfilled","1970-10-10 20:08:30.666484"
"406","127","1021","34","3","166.45","fulfilled","2009-05-15 11:47:11.930437"
"407","353","1665","34","1","182.75","pending",""
"408","263","857","32","5","385.52","fulfilled","1979-07-24 01:24:28.800332"
"409","142","1690","71","5","341.07","fulfilled","1993-08-22 15:03:49.649026"
"410","107","1234","95","1","128.78","fulfilled","1977-02-02 21:25:16.229200"
"411","184","1601","32","4","41.97","fulfilled","1978-01-27 20:04:37.536931"
"412","306","1727","52","3","168.59","pending",""
"413","386","1098","71","5","247.38","fulfilled","1991-04-17 05:05:49.980463"
"414","56","586","91","4","382.57","pending",""
"415","172","1954","33","2","388.1","fulfilled","2010-08-09 13:50:19.641600"
"416","88","1128","81","4","496.36","pending",""
"417","141","410","69","3","457.9","fulfilled","2002-02-03 03:16:20.902529"
"418","186","1906","49","5","213.64","fulfilled","1979-06-28 07:43:27.900445"
"419","179","852","63","5","149.95","fulfilled","1986-02-28 19:13:20.394613"
"420","206","1001","22","5","77.84","pending",""
"421","387","1700","52","4","28.58","fulfilled","1998-06-28 23:28:49.110200"
"422","277","460","31","1","369.96","pending",""
"423","386","21","23","5","93.49","pending",""
"424","224","1632","2","2","455.97","fulfilled","1986-07-18 11:29:25.488070"
"425","198","1763","92","5","487.49","pending",""
"426","297","19","91","3","12.35","fulfilled","2024-12-26 02:15:14.550456"
"427","287","1860","73","1","119.27","fulfilled","2005-10-31 09:33:45.835008"
"428","396","248","60","4","450.89","fulfilled","1978-02-16 23:53:00.403051"
"429","201","421","14","5","420.84","pending",""
"430","142","1375","55","3","400.04","fulfilled","1993-01-24 08:54:06.284700"
"431","160","952","51","5","265.62","fulfilled","2017-05-06 17:00:17.744486"
"432","55","263","40","2","144.34","pending",""
"433","283","54","25","5","475.31","fulfilled","2022-05-04 00:37:50.841794"
"434","231","1453","96","4","177.07","fulfilled","1985-01-23 15:52:37.868860"
"435","271","1971","55","3","263.72","fulfilled","2022-11-22 18:16:13.855083"
"436","318","269","3","5","159.49","pending",""
"437","229","1829","91","4","30.46","fulfilled","1987-09-22 05:28:58.777769"
"438","394","1492","13","1","404.42","fulfilled","2011-06-24 20:02:07.871171"
"439","22","1576","52","4","221.85","fulfilled","1992-08-02 17:15:02.490818"
"440","3","743","57","2","157.71","fulfilled","1988-01-01 11:16:47.164051"
"441","99","1384","22","2","403.57","pending",""
"442","259","1059","68","3","200.68","fulfilled","1990-08-11 09:33:52.645608"
"443","195","1285","49","3","214.13","pending",""
"444","78","990","31","5","223.05","pending",""
"445","380","1151","10","3","386.21","fulfilled","2025-05-16 19:04:31.542660"
"446","237","753","37","1","80.54","fulfilled","2014-06-30 03:29:54.096751"
"447","126","824","19","2","449.82","fulfilled","2008-01-09 14:41:05.554820"
"448","283","1971","35","4","223.52","fulfilled","2004-04-26 14:01:08.376432"
"449","322","1079","80","4","106.86","pending",""
"450","66","622","99","5","174.89","fulfilled","1989-12-01 14:39:14.336338"
"451","63","1609","46","1","391.82","pending",""
"452","275","1429","61","3","422.45","pending",""
"453","293","175","43","4","152.3","pending",""
"454","204","43","79","3","44.24","pending",""
"455","74","235","67","3","127.13","pending",""
"456","22","67","50","1","179.54","pending",""
"457","137","982","99","1","154.3","fulfilled","1992-02-19 07:24:50.197661"
"458","208","950","33","5","89.87","fulfilled","1990-08-15 09:20:56.059097"
"459","377","715","15","1","132.97","pending",""
"460","249","316","96","4","376.02","pending",""
"461","221","796","68","3","215.68","pending",""
"462","16","1901","44","4","485.99","pending",""
"463","163","1768","63","2","393.8","pending",""
"464","159","1042","43","5","331.96","pending",""
"465","178","1930","36","3","425.86","pending",""
"466","285","1097","42","1","194.54","fulfilled","1997-05-19 07:03:16.097741"
"467","201","16","15","1","142.98","fulfilled","2020-12-10 09:17:55.119710"
"468","201","1800","1","2","476.11","pending",""
"469","359","792","90","3","192.61","fulfilled","1971-02-19 18:42:48.498669"
"470","223","1019","76","4","491.83","pending",""
"471","99","979","72","5","92.49","pending",""
"472","271","575","69","5","452.07","pending",""
"473","173","17","39","2","237.41","pending",""
"474","119","1560","12","4","411.64","fulfilled","2013-11-11 10:08:44.931211"
"475","153","324","85","2","299.37","pending",""
"476","91","1861","66","1","163.01","pending",""
"477","22","310","90","3","150.29","pending",""
"478","234","1914","45","1","227.26","fulfilled","2010-03-02 03:40:34.121898"
"479","79","644","96","2","62.24","pending",""
"480","382","1710","77","2","306.15","pending",""
"481","58","1592","21","4","217.97","pending",""
"482","260","1773","20","1","46.76","fulfilled","1988-09-15 05:40:31.356681"
"483","291","1293","24","5","431.04","pending",""
"484","66","1850","53","1","204.95","pending",""
"485","128","376","17","3","234.72","pending",""
"486","327","1670","55","3","11.69","fulfilled","1978-03-04 15:04:23.556213"
"487","129","147","42","2","491.46","fulfilled","2005-10-25 19:52:56.399684"
"488","349","89","30","1","460.46","fulfilled","1996-12-20 21:58:11.748662"
"489","51","1993","12","1","364.16","fulfilled","2018-05-30 17:47:07.061696"
"490","174","939","86","2","88.07","fulfilled","2007-05-10 20:28:10.921776"
"491","270","108","5","3","60.98","pending",""
"492","82","853","25","4","144.22","pending",""
"493","251","302","36","1","225.93","pending",""
"494","296","867","55","2","453.71","fulfilled","1985-10-28 02:47:14.212476"
"495","100","1806","1","4","310.05","pending",""
"496","252","29","92","4","125.01","pending",""
"497","13","1251","96","3","465.79","fulfilled","1988-07-16 06:35:41.187067"
"498","240","550","77","5","352.09","pending",""
"499","374","1866","88","1","270.46","fulfilled","1988-12-10 10:04:58.470790"
"500","309","133","96","4","458.59","fulfilled","2011-10-26 02:47:40.553761"
"501","204","1593","63","3","93.52","fulfilled","2013-09-11 16:15:23.172266"
"502","161","946","21","3","196.37","pending",""
"503","138","1796","52","2","31.03","pending",""
"504","394","210","16","1","72.49","pending",""
"505","118","934","94","1","375.9","pending",""
"506","133","714","87","3","397.87","fulfilled","1979-11-14 11:48:09.754177"
"507","247","1673","88","1","321.91","pending",""
"508","276","86","68","2","174.17","pending",""
"509","11","903","60","1","384.88","fulfilled","1978-01-31 20:09:03.054677"
"510","274","232","85","2","376.18","pending",""
"511","146","680","4","4","340.17","fulfilled","2014-12-16 12:56:50.458328"
"512","139","1714","83","1","415.64","pending",""
"513","93","1470","80","2","343.33","pending",""
"514","168","1992","68","2","279.31","fulfilled","1976-02-23 02:03:48.411968"
"515","226","1227","59","5","348.51","fulfilled","2019-07-14 15:46:05.694088"
"516","114","1083","51","5","268.89","fulfilled","2004-08-14 09:19:32.875983"
"517","371","1670","87","2","364.62","fulfilled","1994-09-29 01:11:27.569976"
"518","287","819","80","2","448.87","fulfilled","2004-08-26 19:39:29.758476"
"519","23","123","38","1","106.96","fulfilled","2019-10-18 12:53:17.816176"
"520","243","1719","17","3","201.2","fulfilled","1980-01-22 19:32:46.413691"
"521","22","1698","82","1","357.22","fulfilled","1986-01-28 05:43:47.795274"
"522","215","12","52","3","145.1","fulfilled","1971-05-02 09:25:12.376717"
"523","189","1439","55","3","190.31","pending",""
"524","284","182","37","4","44.43","pending",""
"525","275","1244","29","5","495.14","fulfilled","2003-06-22 05:39:30.344676"
"526","386","1093","98","5","461.18","pending",""
"527","20","95","68","3","178.72","fulfilled","1970-11-05 01:10:55.253514"
"528","23","406","4","5","300.02","pending",""
"529","14","482","87","3","498.72","fulfilled","2014-04-03 16:59:51.927663"
"530","301","1743","73","5","77.36","pending",""
"531","184","201","84","5","338.67","pending",""
"532","259","891","35","4","83.32","pending",""
"533","89","1912","4","1","386.0","pending",""
"534","216","996","92","5","359.44","pending",""
"535","374","1637","8","3","357.77","pending",""
"536","120","169","45","4","71.19","pending",""
"537","392","1643","7","3","398.21","fulfilled","2006-04-18 00:40:32.315890"
"538","160","894","65","5","94.66","pending",""
"539","220","329","43","5","494.84","fulfilled","1981-08-13 06:32:12.195270"
"540","29","1120","0","3","301.21","pending",""
"541","93","1216","19","5","25.77","pending",""
"542","89","1173","66","2","483.88","pending",""
"543","338","938","63","4","317.24","fulfilled","1990-07-20 21:02:55.903984"
"544","199","1391","61","5","357.87","pending",""
"545","128","1851","0","4","75.47","fulfilled","2005-06-18 22:17:15.044380"
"546","352","134","82","4","60.14","fulfilled","1989-08-26 03:02:18.085409"
"547","6","515","5","3","78.34","fulfilled","2002-06-29 15:19:56.069875"
"548","389","1408","22","5","162.37","fulfilled","1988-10-30 05:03:57.262947"
"549","329","725","19","5","493.18","pending",""
"550","143","1554","40","5","455.77","fulfilled","1991-05-04 20:54:09.888871"
"551","115","1865","73","4","360.38","fulfilled","1997-05-14 03:00:50.483472"
"552","333","202","49","5","100.7","fulfilled","1983-07-10 00:01:36.526168"
"553","149","1259","80","1","72.88","fulfilled","2018-01-11 21:07:56.883387"
"554","67","519","9","5","266.24","fulfilled","2014-02-27 19:03:16.608106"
"555","76","359","72","2","168.84","fulfilled","2002-02-23 05:05:27.815648"
"556","177","1997","21","3","166.45","pending",""
"557","197","200","38","5","70.48","fulfilled","2005-07-25 17:43:00.533710"
"558","42","1381","85","5","314.14","pending",""
"559","35","806","68","2","447.54","fulfilled","2007-10-05 15:22:18.200573"
"560","183","304","56","5","320.63","pending",""
"561","343","139","96","4","391.45","pending",""
"562","309","98","46","1","333.8","pending",""
"563","389","1357","15","3","402.45","fulfilled","2004-01-08 06:34:55.131966"
"564","85","85","99","5","487.94","pending",""
"565","231","343","32","3","317.69","fulfilled","1971-09-18 18:21:16.460870"
"566","92","751","71","5","19.52","pending",""
"567","9","391","27","2","350.25","fulfilled","2025-06-06 00:17:53.648440"
"568","72","548","60","4","374.46","pending",""
"569","231","693","1","3","479.61","pending",""
"570","363","1598","54","5","26.42","fulfilled","1990-03-17 23:46:52.997062"
"571","310","207","45","4","111.7","fulfilled","1989-08-19 12:59:13.323375"
"572","293","59","81","2","43.14","pending",""
"573","257","259","99","2","108.25","pending",""
"574","108","213","23","2","210.18","pending",""
"575","157","1602","64","5","240.6","pending",""
"576","54","291","22","4","431.59","pending",""
"577","169","1068","37","1","353.91","pending",""
"578","251","306","36","2","268.49","fulfilled","2018-02-10 01:14:41.773564"
"579","244","629","45","1","331.34","fulfilled","2000-03-25 00:53:17.351518"
"580","398","1396","41","1","28.83","fulfilled","1975-10-19 08:07:21.211903"
"581","284","133","78","2","82.24","pending",""
"582","39","373","52","1","194.94","pending",""
"583","113","261","35","1","45.64","pending",""
"584","76","501","64","2","7.13","pending",""
"585","254","1687","20","2","309.48","fulfilled","1992-08-28 21:45:44.359706"
"586","323","1486","55","4","117.0","fulfilled","2024-03-08 16:17:59.112921"
"587","370","1412","39","1","266.77","pending",""
"588","343","80","76","4","213.58","pending",""
"589","217","154","6","5","323.17","pending",""
"590","269","1319","11","5","73.29","fulfilled","2008-08-22 20:55:53.287716"
"591","52","450","15","4","405.44","fulfilled","1983-02-20 01:03:57.827815"
"592","228","832","24","1","80.07","fulfilled","1979-07-20 11:00:45.212291"
"593","250","1123","25","2","255.08","fulfilled","1993-06-29 13:00:56.865886"
"594","123","1363","96","5","394.99","pending",""
"595","40","1964","66","2","164.57","pending",""
"596","337","976","25","2","185.63","pending",""
"597","21","595","41","1","15.24","pending",""
"598","118","1702","28","4","205.8","pending",""
"599","114","495","7","3","173.81","pending",""
"600","171","1847","75","2","485.79","fulfilled","1973-09-04 16:48:44.006256"
"601","5","1406","94","3","58.82","pending",""
"602","12","1421","63","5","448.97","fulfilled","2001-05-04 21:47:18.553119"
"603","251","110","77","4","154.84","fulfilled","1993-09-11 21:16:56.869987"
"604","205","1878","70","2","264.99","fulfilled","1976-05-19 05:31:24.012900"
"605","224","1116","30","4","223.08","pending",""
"606","69","1548","86","2","496.38","pending",""
"607","1","1414","24","3","40.48","pending",""
"608","215","250","52","5","277.06","fulfilled","2023-04-09 21:47:49.571914"
"609","12","406","2","2","50.11","fulfilled","2024-08-29 05:27:04.568953"
"610","389","1015","13","4","328.02","fulfilled","1991-04-01 20:41:36.417365"
"611","369","710","91","3","361.68","fulfilled","1984-10-08 02:23:17.386465"
"612","260","1487","73","3","429.23","pending",""
"613","28","1527","78","5","435.53","pending",""
"614","275","1536","24","5","368.05","pending",""
"615","108","1366","94","5","339.16","pending",""
"616","145","1347","25","3","273.46","fulfilled","1971-09-16 16:48:45.196014"
"617","192","1892","96","5","389.57","pending",""
"618","300","378","43","1","292.43","fulfilled","1971-07-23 06:04:35.040194"
"619","267","625","69","2","61.83","fulfilled","1982-03-01 18:56:49.039860"
"620","244","1926","65","5","209.17","pending",""
"621","303","497","35","3","58.59","pending",""
"622","196","194","74","5","41.04","pending",""
"623","74","1545","28","1","112.04","fulfilled","1989-12-05 21:30:33.172744"
"624","325","589","95","1","469.55","pending",""
"625","263","1511","99","1","279.31","fulfilled","2006-06-13 15:28:01.930220"
"626","397","850","4","1","88.33","pending",""
"627","25","1308","96","1","466.59","pending",""
"628","341","1673","89","2","90.46","pending",""
"629","235","276","38","1","235.18","fulfilled","2017-04-05 07:57:50.907996"
"630","26","1400","35","3","84.03","pending",""
"631","288","1759","24","5","266.01","fulfilled","2017-03-14 18:06:55.726604"
"632","216","512","69","1","328.58","fulfilled","2002-01-12 21:25:31.843300"
"633","398","647","39","4","59.95","fulfilled","1992-03-07 21:50:34.409544"
"634","233","1491","80","1","420.32","fulfilled","2020-12-20 00:38:05.242378"
"635","108","1357","46","4","68.77","pending",""
"636","44","1641","28","3","432.53","pending",""
"637","21","170","77","2","228.94","fulfilled","1980-01-01 00:37:02.214947"
"638","277","842","33","4","130.85","pending",""
"639","78","1589","30","5","301.89","pending",""
"640","159","1187","57","1","440.34","pending",""
"641","116","868","81","1","326.86","pending",""
"642","49","825","73","1","168.17","fulfilled","1984-01-18 05:04:16.799797"
"643","366","203","33","3","203.12","pending",""
"644","98","827","4","4","352.96","pending",""
"645","325","198","63","5","369.55","pending",""
"646","212","637","11","1","355.88","fulfilled","1989-03-11 05:06:19.426461"
"647","248","507","15","5","448.92","pending",""
"648","8","1887","96","2","191.35","fulfilled","2002-01-17 07:16:42.450301"
"649","259","404","0","3","19.02","pending",""
"650","40","784","27","1","393.8","fulfilled","2019-09-12 19:29:33.755318"
"651","160","1752","12","5","418.37","fulfilled","2019-10-17 12:22:49.230376"
"652","367","622","3","3","186.15","fulfilled","2004-10-27 03:53:59.228885"
"653","2","1131","13","4","149.21","pending",""
"654","397","1468","45","4","179.99","pending",""
"655","197","553","97","5","465.43","pending",""
"656","357","1490","97","5","258.14","fulfilled","1996-03-12 12:05:25.104573"
"657","144","215","46","1","285.33","pending",""
"658","302","1457","37","2","119.44","pending",""
"659","3","516","63","4","485.59","fulfilled","2014-01-29 01:11:26.451725"
"660","13","258","25","1","294.57","fulfilled","2019-08-09 21:47:54.793545"
"661","193","1194","83","2","29.26","fulfilled","2018-05-23 11:36:36.378985"
"662","294","296","80","4","226.95","pending",""
"663","223","191","87","1","121.76","fulfilled","1984-07-23 02:53:54.383247"
"664","153","1630","19","1","349.07","fulfilled","1986-12-16 16:59:46.586379"
"665","91","1107","15","4","343.51","pending",""
"666","145","1397","31","1","200.91","fulfilled","2010-03-26 00:35:11.993031"
"667","174","15","20","2","456.81","fulfilled","1986-10-18 07:49:08.659054"
"668","40","1467","63","1","146.29","pending",""
"669","324","1879","55","3","19.8","pending",""
"670","30","1840","24","5","166.5","fulfilled","1980-03-13 07:16:30.953006"
"671","320","879","94","1","254.28","pending",""
"672","318","141","90","3","303.54","pending",""
"673","372","244","11","2","468.47","pending",""
"674","70","1380","66","2","138.08","pending",""
"675","329","616","77","1","272.54","fulfilled","1971-12-05 00:02:31.795271"
"676","63","110","36","4","404.65","fulfilled","1989-05-18 13:22:24.230072"
"677","382","1927","62","1","283.82","pending",""
"678","258","263","91","2","139.74","pending",""
"679","312","1403","16","2","425.62","fulfilled","2020-06-19 11:41:54.013249"
"680","254","1755","42","1","193.28","fulfilled","1998-10-01 15:24:27.684745"
"681","294","724","16","4","148.01","fulfilled","1981-07-10 15:33:24.870283"
"682","213","1306","40","1","411.94","pending",""
"683","213","1181","75","5","231.76","pending",""
"684","7","1708","81","3","352.97","pending",""
"685","192","855","30","2","176.63","pending",""
"686","266","408","33","1","378.44","pending",""
"687","397","1136","59","2","110.22","pending",""
"688","242","459","55","1","144.93","pending",""
"689","45","1275","2","3","339.52","pending",""
"690","188","681","80","5","325.71","pending",""
"691","129","1293","60","4","252.29","fulfilled","2006-07-16 00:53:48.047578"
"692","366","1635","37","3","392.38","pending",""
"693","165","613","31","2","117.88","pending",""
"694","172","283","20","3","220.66","pending",""
"695","252","94","71","1","118.47","fulfilled","1977-03-18 03:26:54.544278"
"696","389","1634","31","1","285.88","fulfilled","1995-06-23 07:30:20.875360"
"697","269","198","70","2","110.75","fulfilled","1977-03-01 04:30:13.761369"
"698","187","619","43","4","59.39","fulfilled","1987-04-22 01:23:43.343519"
"699","295","1822","88","2","161.8","pending",""
"700","42","1979","93","3","276.44","fulfilled","1974-01-21 18:07:05.700641"
"701","393","982","71","5","428.24","fulfilled","1994-11-22 00:02:45.471643"
"702","365","1130","82","5","499.95","fulfilled","2017-04-27 12:19:07.091449"
"703","363","609","10","2","372.47","pending",""
"704","163","486","63","4","310.81","fulfilled","2023-12-31 18:08:23.859345"
"705","338","502","24","1","471.68","pending",""
"706","35","548","42","1","90.72","pending",""
"707","376","1892","35","4","428.66","fulfilled","1980-07-11 14:59:14.900248"
"708","154","294","27","5","361.82","pending",""
"709","45","1451","48","4","79.51","fulfilled","2016-11-22 12:59:01.113619"
"710","347","1042","34","2","456.5","pending",""
"711","332","853","54","5","286.77","pending",""
"712","78","1612","3","1","350.26","pending",""
"713","267","109","58","2","142.74","pending",""
"714","192","187","74","2","32.64","fulfilled","1977-08-16 14:44:43.359268"
"715","306","321","25","3","26.43","fulfilled","1975-05-26 04:24:02.095414"
"716","183","1171","75","5","350.04","fulfilled","1980-12-12 16:49:36.368217"
"717","264","1324","19","4","248.48","fulfilled","2025-04-13 05:05:26.903109"
"718","396","386","6","4","461.8","fulfilled","1978-07-25 12:27:52.006760"
"719","356","1269","16","3","101.46","fulfilled","2003-02-06 01:22:13.477252"
"720","275","602","25","4","118.33","pending",""
"721","336","1374","84","3","291.81","fulfilled","1988-06-28 07:44:56.268019"
"722","263","1336","12","2","35.48","pending",""
"723","393","1358","71","1","184.89","pending",""
"724","146","339","15","1","313.07","pending",""
"725","217","700","49","2","400.58","pending",""
"726","246","1137","18","2","405.8","fulfilled","1985-06-04 18:28:22.374783"
"727","261","1882","63","2","310.25","fulfilled","2012-06-09 10:00:55.662699"
"728","347","1006","60","2","106.56","fulfilled","1984-10-20 07:02:46.613791"
"729","293","25","62","4","470.26","fulfilled","1995-03-23 19:10:36.907654"
"730","359","1996","83","5","215.52","fulfilled","2019-12-21 18:31:16.594352"
"731","324","664","4","3","55.79","pending",""
"732","15","469","50","2","37.92","pending",""
"733","118","1944","61","2","108.31","pending",""
"734","235","218","75","2","43.31","pending",""
"735","151","1482","36","2","408.66","fulfilled","2023-08-19 17:44:56.715401"
"736","369","300","83","2","68.19","pending",""
"737","225","1582","97","4","94.35","fulfilled","1999-02-11 13:41:29.978633"
"738","62","296","73","4","456.3","fulfilled","2023-12-09 05:33:57.065832"
"739","3","730","99","4","432.56","fulfilled","2016-04-27 07:50:46.319674"
"740","95","703","8","3","66.77","fulfilled","2003-08-01 11:21:57.310858"
"741","304","1445","87","5","458.28","pending",""
"742","331","393","89","1","182.82","pending",""
"743","210","574","76","3","197.3","pending",""
"744","349","1537","11","4","323.65","pending",""
"745","47","903","96","1","435.45","fulfilled","2005-03-12 13:31:08.985607"
"746","354","1032","56","1","49.7","pending",""
"747","311","428","15","5","182.88","pending",""
"748","33","1089","85","4","368.17","pending",""
"749","159","1130","6","3","246.83","fulfilled","2018-05-14 22:37:09.237889"
"750","396","1366","62","1","350.39","fulfilled","2018-08-31 15:41:34.186790"
"751","257","666","28","4","85.72","pending",""
"752","193","631","83","4","71.09","fulfilled","2001-09-01 21:34:01.943903"
"753","149","823","51","4","262.06","fulfilled","2000-11-25 22:23:20.762698"
"754","19","1586","52","3","222.46","pending",""
"755","3","1542","3","5","128.77","pending",""
"756","259","348","93","4","495.87","fulfilled","2019-07-16 14:05:55.141250"
"757","304","937","47","1","203.04","fulfilled","1984-10-28 23:26:55.724602"
"758","78","1321","39","1","494.43","pending",""
"759","21","1306","61","2","52.89","pending",""
"760","275","133","98","3","298.85","fulfilled","2013-05-12 05:06:38.200357"
"761","296","347","2","2","269.88","pending",""
"762","223","1405","35","5","156.55","pending",""
"763","121","685","73","2","28.52","fulfilled","2020-02-04 19:02:01.424365"
"764","101","860","42","2","341.17","fulfilled","1982-01-25 08:12:09.405727"
"765","8","929","14","3","171.72","fulfilled","2017-05-10 14:37:03.510066"
"766","233","287","53","5","129.87","fulfilled","1992-10-01 11:13:37.719548"
"767","100","1390","86","3","495.64","pending",""
"768","181","1052","7","5","95.16","fulfilled","2008-07-17 16:05:00.411035"
"769","16","1168","23","4","78.73","pending",""
"770","97","271","89","1","90.17","pending",""
"771","86","1600","38","4","286.0","fulfilled","1983-10-28 08:16:07.782284"
"772","239","484","46","1","180.98","pending",""
"773","333","302","56","1","298.13","fulfilled","2007-02-06 20:01:04.743026"
"774","378","4","32","5","134.5","pending",""
"775","35","501","83","3","285.88","pending",""
"776","199","707","72","3","335.77","pending",""
"777","76","1135","70","1","52.2","fulfilled","1999-07-07 14:36:53.739020"
"778","276","573","99","3","343.55","fulfilled","2010-12-06 08:03:59.652063"
"779","275","424","33","3","117.07","fulfilled","2012-11-24 09:35:47.006091"
"780","232","1247","76","4","304.47","fulfilled","1984-11-02 12:11:44.482543"
"781","337","1884","84","4","427.36","pending",""
"782","25","398","62","3","306.36","fulfilled","1992-03-08 01:26:51.745454"
"783","241","841","65","1","348.69","pending",""
"784","286","287","84","1","431.23","pending",""
"785","114","384","25","4","335.72","fulfilled","1997-11-12 04:54:43.974830"
"786","150","936","2","4","393.32","pending",""
"787","67","1399","22","5","416.24","fulfilled","2009-12-06 18:20:01.025234"
"788","71","965","51","1","140.28","fulfilled","2009-03-31 08:41:47.202874"
"789","320","460","6","2","363.55","fulfilled","2013-09-13 19:16:41.381270"
"790","350","1057","40","3","111.26","pending",""
"791","264","67","12","3","132.04","pending",""
"792","299","1541","66","3","422.39","fulfilled","1999-03-26 13:51:40.135635"
"793","121","552","25","2","368.46","fulfilled","2015-01-29 03:34:30.137540"
"794","181","599","15","2","163.25","fulfilled","2006-03-24 19:04:57.575669"
"795","28","98","98","4","334.03","pending",""
"796","210","1134","53","4","275.03","pending",""
"797","377","1035","39","2","336.33","fulfilled","1977-04-07 04:01:09.103796"
"798","31","1651","33","3","306.71","pending",""
"799","247","271","11","1","164.02","pending",""
"800","295","970","80","1","305.61","pending",""
"801","335","509","42","4","71.69","fulfilled","1970-06-13 21:20:41.462709"
"802","173","1609","39","3","124.67","pending",""
"803","287","1237","85","1","369.34","pending",""
"804","328","1037","94","5","31.47","pending",""
"805","90","1048","28","3","209.47","fulfilled","2003-11-15 02:48:30.971064"
"806","227","1073","37","5","290.36","pending",""
"807","147","458","53","2","14.76","fulfilled","1995-06-01 19:38:21.884362"
"808","300","1003","99","1","418.8","pending",""
"809","290","1808","99","1","134.44","pending",""
"810","129","998","4","3","394.34","fulfilled","2012-04-24 13:18:43.114773"
"811","79","969","97","4","166.55","fulfilled","2006-09-16 18:59:51.384389"
"812","362","1027","14","1","107.86","pending",""
"813","261","1213","99","4","295.97","fulfilled","1991-04-30 06:27:35.537658"
"814","296","829","28","2","72.73","pending",""
"815","28","1044","93","4","166.7","fulfilled","2025-11-06 16:23:28.257666"
"816","290","323","11","4","87.58","pending",""
"817","166","640","44","3","490.05","pending",""
"818","201","178","95","2","114.31","fulfilled","2005-05-25 04:12:16.269272"
"819","223","717","3","2","452.49","pending",""
"820","330","495","73","5","294.87","pending",""
"821","350","265","3","3","213.58","pending",""
"822","345","773","26","4","356.31","fulfilled","1979-06-01 14:00:56.691353"
"823","62","622","17","1","282.3","pending",""
"824","153","635","42","1","105.82","fulfilled","1983-05-18 05:22:40.253822"
"825","391","974","95","1","403.11","pending",""
"826","366","820","21","1","227.18","fulfilled","1987-09-16 16:20:31.224812"
"827","395","900","91","4","137.47","pending",""
"828","65","400","61","5","210.27","pending",""
"829","365","866","80","1","491.53","pending",""
"830","23","1370","68","3","270.87","fulfilled","1979-05-22 16:48:58.748486"
"831","163","175","32","2","134.14","pending",""
"832","242","56","7","4","123.68","pending",""
"833","40","1767","5","2","111.03","fulfilled","2024-05-20 12:51:07.589762"
"834","71","1505","92","5","400.65","pending",""
"835","278","124","50","3","456.62","fulfilled","1996-07-10 05:34:15.860223"
"836","357","1942","23","1","263.03","fulfilled","2024-09-22 23:24:32.823116"
"837","64","1080","31","3","285.53","pending",""
"838","98","1471","28","1","184.18","fulfilled","2012-03-14 20:01:56.854285"
"839","108","1888","79","5","423.04","pending",""
"840","121","1926","43","4","121.17","fulfilled","2001-04-26 21:28:45.941843"
"841","302","1903","66","1","296.4","pending",""
"842","265","326","40","2","440.55","fulfilled","1983-08-06 16:00:52.714131"
"843","311","1560","13","5","126.32","fulfilled","2002-07-23 08:30:53.686952"
"844","256","694","23","2","352.84","pending",""
"845","125","1875","55","5","259.59","fulfilled","2015-11-09 05:49:23.834998"
"846","64","1278","80","2","131.04","pending",""
"847","102","660","7","4","313.11","fulfilled","1981-03-03 01:05:40.063614"
"848","117","367","96","4","52.88","pending",""
"849","252","1609","5","3","284.14","fulfilled","1995-05-15 07:44:57.263628"
"850","234","890","28","1","461.51","fulfilled","2019-06-10 09:46:59.828380"
"851","339","402","31","4","269.85","pending",""
"852","394","26","29","1","97.46","pending",""
"853","367","1522","21","5","352.61","pending",""
"854","287","1359","48","4","380.83","pending",""
"855","203","741","40","5","119.51","fulfilled","1981-04-20 10:47:08.051862"
"856","52","41","49","1","490.17","pending",""
"857","256","1003","52","2","474.53","pending",""
"858","80","1182","12","5","33.09","pending",""
"859","25","1388","87","4","219.58","fulfilled","2023-11-24 16:14:08.172859"
"860","350","1195","83","5","195.5","pending",""
"861","11","1309","86","2","179.26","pending",""
"862","282","160","23","3","284.43","pending",""
"863","396","173","25","3","334.81","pending",""
"864","64","1210","63","5","482.98","fulfilled","2006-07-24 09:17:28.138304"
"865","266","227","51","5","169.38","pending",""
"866","179","951","71","5","82.4","fulfilled","2021-07-03 13:20:40.865883"
"867","293","1198","56","4","185.13","pending",""
"868","359","991","27","5","209.09","fulfilled","2023-07-11 14:21:55.859294"
"869","359","153","69","1","331.12","fulfilled","2018-06-06 08:13:46.876726"
"870","384","1267","25","3","345.38","pending",""
"871","380","769","80","5","483.38","pending",""
"872","277","1162","4","1","125.84","pending",""
"873","241","185","42","4","364.47","pending",""
"874","31","181","81","4","350.89","pending",""
"875","319","1515","48","2","399.18","fulfilled","2004-07-04 21:05:48.214566"
"876","148","411","59","1","282.23","fulfilled","1984-07-05 22:54:31.760841"
"877","131","1009","79","1","96.44","pending",""
"878","316","1067","21","2","335.64","fulfilled","2020-07-09 11:43:44.227929"
"879","120","450","72","5","151.97","fulfilled","2022-05-21 13:03:47.566242"
"880","167","372","76","5","363.17","fulfilled","2000-04-17 19:50:29.478818"
"881","245","881","12","3","239.74","pending",""
"882","41","690","91","3","209.49","fulfilled","1991-12-30 22:48:18.982455"
"883","197","1953","88","5","465.99","pending",""
"884","254","1520","48","1","220.37","pending",""
"885","313","1149","94","4","49.33","pending",""
"886","274","964","3","2","271.35","pending",""
"887","26","644","18","4","27.94","fulfilled","2012-04-27 01:53:04.568077"
"888","228","647","41","5","276.98","fulfilled","2025-07-10 05:33:06.010162"
"889","378","1234","21","5","38.67","pending",""
"890","355","1633","98","3","347.12","pending",""
"891","63","1620","13","1","241.35","fulfilled","1995-05-14 20:10:46.613889"
"892","226","1271","73","3","487.97","pending",""
"893","394","1041","17","5","27.36","pending",""
"894","322","1683","81","2","175.54","fulfilled","1995-09-19 17:59:14.064363"
"895","120","836","34","2","237.73","pending",""
"896","135","311","1","5","182.24","pending",""
"897","75","133","41","3","155.56","pending",""
"898","329","1753","45","4","363.78","pending",""
"899","263","125","47","5","164.51","fulfilled","1976-03-25 01:04:13.547561"
"900","89","1056","60","2","103.53","pending",""
"901","334","1336","45","4","135.32","fulfilled","2002-03-29 14:11:28.035313"
"902","255","371","83","3","496.19","pending",""
"903","301","1355","53","5","186.65","fulfilled","1989-01-25 16:01:51.767565"
"904","146","885","44","2","325.66","fulfilled","2022-03-18 19:00:53.467728"
"905","336","1882","17","2","9.82","pending",""
"906","316","926","13","1","197.61","pending",""
"907","200","265","70","5","353.7","pending",""
"908","316","675","61","2","337.24","pending",""
"909","81","23","44","5","240.49","pending",""
"910","249","1150","7","3","433.81","pending",""
"911","11","1846","82","4","199.47","pending",""
"912","380","1009","13","3","215.34","pending",""
"913","210","32","96","5","146.27","fulfilled","2005-11-26 06:22:20.500667"
"914","287","310","69","2","208.23","pending",""
"915","109","1931","9","1","467.79","fulfilled","2006-03-08 09:13:19.611799"
"916","197","1399","84","2","290.9","pending",""
"917","248","1239","36","3","341.72","fulfilled","1975-04-19 08:55:56.999479"
"918","245","772","98","1","258.62","pending",""
"919","197","1526","72","2","252.74","fulfilled","1991-05-21 21:31:02.606911"
"920","216","839","35","4","334.92","fulfilled","2000-09-28 03:43:42.732459"
"921","276","415","17","4","202.8","pending",""
"922","249","862","25","3","476.74","fulfilled","1979-05-21 18:12:29.521926"
"923","218","1611","51","1","489.71","fulfilled","2021-07-04 16:12:43.064654"
"924","177","166","9","1","164.17","pending",""
"925","54","884","48","1","188.98","fulfilled","1995-10-15 18:27:17.903041"
"926","53","1013","80","3","161.19","pending",""
"927","17","1696","89","1","289.53","pending",""
"928","399","1116","0","1","6.28","pending",""
"929","123","277","83","2","202.39","fulfilled","1981-09-08 01:39:47.371318"
"930","373","1385","23","2","490.26","fulfilled","1988-01-27 01:52:44.599380"
"931","138","414","26","3","333.97","pending",""
"932","224","1678","47","2","485.73","pending",""
"933","315","1568","91","3","291.82","fulfilled","2018-08-02 14:19:03.729353"
"934","187","943","11","5","269.97","fulfilled","2018-03-20 06:58:10.104359"
"935","17","229","0","4","472.09","fulfilled","2013-02-20 21:20:33.237891"
"936","366","759","11","1","36.96","fulfilled","1973-04-27 07:09:21.514839"
"937","215","1163","67","5","201.11","pending",""
"938","356","972","87","5","24.77","fulfilled","2022-11-07 06:27:14.038629"
"939","339","1361","0","1","196.28","fulfilled","2006-01-14 07:22:43.857171"
"940","115","989","84","3","213.65","fulfilled","1980-03-01 00:18:32.252439"
"941","97","1420","14","2","463.09","pending",""
"942","375","773","8","5","84.21","fulfilled","2010-09-12 08:19:23.121321"
"943","26","888","8","4","452.71","pending",""
"944","212","682","62","3","213.76","pending",""
"945","126","18","30","5","158.24","pending",""
"946","316","1398","54","2","176.95","pending",""
"947","386","576","66","5","177.53","fulfilled","2017-08-11 01:12:58.043428"
"948","240","1345","91","3","363.75","fulfilled","2020-12-29 01:53:13.420819"
"949","168","1565","65","3","445.44","fulfilled","2020-01-18 16:50:42.333030"
"950","134","1219","18","3","72.48","pending",""
"951","373","770","60","1","348.22","pending",""
"952","116","501","81","3","401.08","fulfilled","1995-06-15 15:30:48.223035"
"953","365","690","5","2","466.37","pending",""
"954","163","1262","62","1","277.54","pending",""
"955","50","1132","64","1","433.81","fulfilled","2004-07-16 22:37:12.838844"
"956","259","1501","38","1","168.9","fulfilled","1978-04-28 10:16:09.587591"
"957","123","558","5","5","251.38","pending",""
"958","293","468","80","1","26.36","fulfilled","2020-03-02 19:27:16.044222"
"959","131","159","73","3","406.23","pending",""
"960","353","751","25","4","257.7","pending",""
"961","30","382","24","3","275.05","pending",""
"962","320","909","46","3","112.59","pending",""
"963","394","1136","22","1","235.84","fulfilled","2019-11-26 04:47:27.189709"
"964","44","1380","70","3","249.22","fulfilled","1994-05-28 10:40:35.987175"
"965","278","1922","74","4","212.01","fulfilled","1971-06-19 05:20:19.319753"
"966","316","1996","69","1","270.74","fulfilled","2005-10-24 15:50:23.232834"
"967","94","207","23","1","90.58","pending",""
"968","23","1325","37","1","215.26","pending",""
"969","66","792","98","3","19.53","pending",""
"970","62","1228","40","5","139.86","fulfilled","1990-11-06 18:31:59.996440"
"971","169","1135","75","2","361.01","pending",""
"972","231","1639","48","5","90.83","pending",""
"973","360","1702","47","4","72.48","fulfilled","2002-12-12 15:43:44.319610"
"974","25","1047","69","3","18.23","pending",""
"975","390","657","29","3","51.98","pending",""
"976","396","681","80","4","197.68","pending",""
"977","27","479","85","2","253.94","pending",""
"978","195","1593","9","4","436.81","pending",""
"979","334","1942","36","5","320.73","pending",""
"980","3","441","3","4","110.77","pending",""
"981","266","1077","37","1","34.98","pending",""
"982","142","1561","43","4","306.09","pending",""
"983","175","447","5","4","90.04","pending",""
"984","334","480","45","3","76.88","fulfilled","2011-07-14 16:12:54.143390"
"985","283","1929","88","2","158.77","fulfilled","2009-10-21 05:07:45.489409"
"986","396","1874","0","5","239.59","fulfilled","1993-10-02 23:57:41.429944"
"987","232","1779","53","3","211.18","pending",""
"988","141","728","19","5","435.85","fulfilled","2011-03-15 22:33:58.852917"
"989","103","1139","62","3","25.76","pending",""
"990","293","1556","80","1","208.27","pending",""
"991","327","666","11","3","119.59","pending",""
"992","346","1923","42","1","433.76","pending",""
"993","328","1061","92","5","125.57","pending",""
"994","108","1797","93","5","297.24","fulfilled","2000-05-10 05:33:53.608628"
"995","17","1093","19","4","103.41","fulfilled","2005-04-13 10:49:28.572583"
"996","273","1565","51","1","207.68","fulfilled","1975-05-09 08:30:30.185954"
"997","397","1823","36","1","84.88","pending",""
"998","244","546","73","5","430.65","fulfilled","1994-05-27 01:47:22.895476"
"999","298","1089","49","3","338.7","fulfilled","1976-09-17 05:53:35.363067"
